episode_global,stage,map_name,evacuation_rate,all_evacuated,mean_evac_time,steps,mean_emotion_final,emotion_variance,mean_speed_ratio,total_reward,epsilon
1,1,mall_small,0.0,0,300,300,0.0,0.0,1.0,-1799.41,1.0
2,1,mall_small,0.0,0,300,300,0.0,0.0,1.0,-1759.86,0.9971
3,1,mall_small,0.0,0,300,300,0.0,0.0,1.0,-1774.69,0.9883
4,1,mall_small,0.0,0,300,300,0.0,0.0,1.0,-1756.58,0.9795
5,1,mall_small,0.0,0,300,300,0.0,0.0,1.0,-1794.82,0.9708
6,1,mall_small,0.0,0,300,300,0.0,0.0,1.0,-1776.89,0.962
7,1,mall_small,0.0,0,300,300,0.0,0.0,1.0,-1798.61,0.9532
8,1,mall_small,0.0,0,300,300,0.0,0.0,1.0,-1783.58,0.9445
9,1,mall_small,0.0,0,300,300,0.0,0.0,1.0,-1743.36,0.9357
10,1,mall_small,0.25,0,183.0,300,0.0,0.0,1.0,-1434.48,0.9278
11,1,mall_small,0.0,0,300,300,0.0,0.0,1.0,-1795.69,0.919
12,1,mall_small,0.25,0,145.0,300,0.0,0.0,1.0,-1474.64,0.9114
13,1,mall_small,0.25,0,21.0,300,0.0,0.0,1.0,-1272.72,0.9046
14,1,mall_small,0.5,0,142.5,300,0.0,0.0,1.0,-1090.4,0.8982
15,1,mall_small,0.5,0,135.5,300,0.0,0.0,1.0,-1027.57,0.8918
16,1,mall_small,0.25,0,199.0,300,0.0,0.0,1.0,-1495.06,0.8838
17,1,mall_small,0.25,0,50.0,300,0.0,0.0,1.0,-1272.65,0.8769
18,1,mall_small,0.0,0,300,300,0.0,0.0,1.0,-1682.52,0.8681
19,1,mall_small,0.5,0,116.5,300,0.0,0.0,1.0,-1004.41,0.862
20,1,mall_small,0.25,0,203.0,300,0.0,0.0,1.0,-1493.74,0.8539
21,1,mall_small,0.75,0,176.67,300,0.0,0.0,1.0,-883.3,0.8479
22,1,mall_small,0.0,0,300,300,0.0,0.0,1.0,-1716.78,0.8391
23,1,mall_small,0.0,0,300,300,0.0,0.0,1.0,-1724.26,0.8303
24,1,mall_small,0.5,0,137.5,300,0.0,0.0,1.0,-993.24,0.8239
25,1,mall_small,0.5,0,210.0,300,0.0,0.0,1.0,-1178.17,0.8165
26,1,mall_small,0.25,0,262.0,300,0.0,0.0,1.0,-1484.99,0.808
27,1,mall_small,0.5,0,33.0,300,0.0,0.0,1.0,-739.1,0.8031
28,1,mall_small,0.25,0,15.0,300,0.0,0.0,1.0,-1192.98,0.7964
29,1,mall_small,0.25,0,209.0,300,0.0,0.0,1.0,-1416.0,0.7883
30,1,mall_small,0.25,0,169.0,300,0.0,0.0,1.0,-1320.26,0.7805
31,1,mall_small,0.25,0,143.0,300,0.0,0.0,1.0,-1452.0,0.7729
32,1,mall_small,0.25,0,80.0,300,0.0,0.0,1.0,-1285.6,0.7657
33,1,mall_small,0.75,0,190.0,300,0.0,0.0,1.0,-816.59,0.7594
34,1,mall_small,0.25,0,235.0,300,0.0,0.0,1.0,-1579.6,0.7511
35,1,mall_small,0.25,0,52.0,300,0.0,0.0,1.0,-1209.09,0.7441
36,1,mall_small,0.5,0,160.0,300,0.0,0.0,1.0,-1114.99,0.7374
37,1,mall_small,0.5,0,214.5,300,0.0,0.0,1.0,-1192.65,0.7299
38,1,mall_small,0.5,0,198.5,300,0.0,0.0,1.0,-1210.93,0.7226
39,1,mall_small,0.5,0,156.5,300,0.0,0.0,1.0,-993.43,0.7159
40,1,mall_small,0.5,0,192.5,300,0.0,0.0,1.0,-1058.75,0.7087
41,1,mall_small,0.75,0,161.67,300,0.0,0.0,1.0,-732.5,0.703
42,1,mall_small,0.5,0,177.0,300,0.0,0.0,1.0,-1049.29,0.696
43,1,mall_small,0.75,0,153.67,300,0.0,0.0,1.0,-814.46,0.6904
44,1,mall_small,0.75,0,124.33,300,0.0,0.0,1.0,-582.21,0.6855
45,1,mall_small,0.25,0,147.0,300,0.0,0.0,1.0,-1370.1,0.6779
46,1,mall_small,0.75,0,100.0,300,0.0,0.0,1.0,-532.52,0.6735
47,1,mall_small,0.75,0,91.33,300,0.0,0.0,1.0,-494.69,0.6693
48,1,mall_small,0.75,0,169.67,300,0.0,0.0,1.0,-804.38,0.6634
49,1,mall_small,0.75,0,112.67,300,0.0,0.0,1.0,-624.15,0.6587
50,1,mall_small,0.75,0,95.33,300,0.0,0.0,1.0,-593.11,0.6544
51,1,mall_small,0.5,0,131.0,300,0.0,0.0,1.0,-995.24,0.6481
52,1,mall_small,0.75,0,163.0,300,0.0,0.0,1.0,-801.64,0.6424
53,1,mall_small,1.0,1,84.75,189,0.0,0.0,1.0,-82.19,0.6399
54,1,mall_small,0.5,0,164.0,300,0.0,0.0,1.0,-1079.18,0.6331
55,1,mall_small,0.75,0,82.33,300,0.0,0.0,1.0,-521.62,0.6291
56,1,mall_small,0.75,0,164.33,300,0.0,0.0,1.0,-784.54,0.6233
57,1,mall_small,0.5,0,162.5,300,0.0,0.0,1.0,-961.54,0.6166
58,1,mall_small,1.0,1,144.75,264,0.0,0.0,1.0,-309.63,0.6123
59,1,mall_small,0.75,0,80.0,300,0.0,0.0,1.0,-527.6,0.6084
60,1,mall_small,0.75,0,107.33,300,0.0,0.0,1.0,-509.33,0.6038
61,1,mall_small,1.0,1,108.5,156,0.0,0.0,1.0,-120.71,0.6007
62,1,mall_small,1.0,1,95.5,248,0.0,0.0,1.0,-123.81,0.5979
63,1,mall_small,1.0,1,173.5,285,0.0,0.0,1.0,-464.13,0.5928
64,1,mall_small,0.75,0,137.67,300,0.0,0.0,1.0,-744.75,0.5876
65,1,mall_small,0.75,0,140.0,300,0.0,0.0,1.0,-672.64,0.5824
66,1,mall_small,0.75,0,90.67,300,0.0,0.0,1.0,-504.82,0.5782
67,1,mall_small,0.75,0,134.33,300,0.0,0.0,1.0,-604.24,0.573
68,1,mall_small,0.75,0,131.67,300,0.0,0.0,1.0,-616.73,0.5679
69,1,mall_small,0.75,0,90.33,300,0.0,0.0,1.0,-480.24,0.5638
70,1,mall_small,1.0,1,115.75,223,0.0,0.0,1.0,-217.15,0.5604
71,1,mall_small,1.0,1,105.5,230,0.0,0.0,1.0,-139.1,0.5573
72,1,mall_small,0.75,0,105.67,300,0.0,0.0,1.0,-543.77,0.5528
73,1,mall_small,0.75,0,65.0,300,0.0,0.0,1.0,-395.8,0.5492
74,1,mall_small,0.5,0,147.0,300,0.0,0.0,1.0,-982.6,0.5427
75,1,mall_small,0.75,0,91.33,300,0.0,0.0,1.0,-382.09,0.5384
76,1,mall_small,0.75,0,108.0,300,0.0,0.0,1.0,-517.69,0.5339
77,1,mall_small,0.75,0,75.33,300,0.0,0.0,1.0,-390.72,0.5301
78,1,mall_small,0.75,0,172.33,300,0.0,0.0,1.0,-703.9,0.5241
79,1,mall_small,0.75,0,87.0,300,0.0,0.0,1.0,-377.45,0.52
80,1,mall_small,0.75,0,142.33,300,0.0,0.0,1.0,-591.4,0.5147
81,1,mall_small,0.75,0,88.0,300,0.0,0.0,1.0,-455.89,0.5105
82,1,mall_small,0.75,0,117.0,300,0.0,0.0,1.0,-500.62,0.5058
83,1,mall_small,1.0,1,86.5,148,0.0,0.0,1.0,-46.11,0.5033
84,1,mall_small,1.0,1,121.0,220,0.0,0.0,1.0,-205.27,0.4997
85,2,school_small,0.0,0,300,300,0.0,0.0,1.0,-1772.48,0.9937
86,2,school_small,0.25,0,114.0,300,0.0,0.0,1.0,-1407.89,0.9883
87,2,school_small,0.0,0,300,300,0.0,0.0,1.0,-1797.44,0.982
88,2,school_small,0.0,0,300,300,0.0,0.0,1.0,-1784.3,0.9757
89,2,school_small,0.0,0,300,300,0.0,0.0,1.0,-1847.58,0.9693
90,2,school_small,0.25,0,60.0,300,0.0,0.0,1.0,-1312.08,0.9643
91,2,school_small,0.0,0,300,300,0.0,0.0,1.0,-1795.06,0.9579
92,2,school_small,0.5,0,115.0,300,0.0,0.0,1.0,-1065.42,0.9535
93,2,school_small,0.0,0,300,300,0.0,0.0,1.0,-1767.8,0.9472
94,2,school_small,0.0,0,300,300,0.0,0.0,1.0,-1795.31,0.9409
95,2,school_small,0.0,0,300,300,0.0,0.0,1.0,-1796.13,0.9345
96,2,school_small,0.25,0,278.0,300,0.0,0.0,1.0,-1669.21,0.9283
97,2,school_small,0.25,0,199.0,300,0.0,0.0,1.0,-1528.15,0.9225
98,2,school_small,0.25,0,63.0,300,0.0,0.0,1.0,-1346.1,0.9174
99,2,school_small,0.0,0,300,300,0.0,0.0,1.0,-1770.97,0.9111
100,2,school_small,0.25,0,63.0,300,0.0,0.0,1.0,-1258.36,0.906
101,2,school_small,0.0,0,300,300,0.0,0.0,1.0,-1811.39,0.8997
102,2,school_small,0.0,0,300,300,0.0,0.0,1.0,-1830.19,0.8934
103,2,school_small,0.0,0,300,300,0.0,0.0,1.0,-1769.2,0.887
104,2,school_small,0.25,0,189.0,300,0.0,0.0,1.0,-1463.11,0.8813
105,2,school_small,0.0,0,300,300,0.0,0.0,1.0,-1809.44,0.8749
106,2,school_small,0.25,0,31.0,300,0.0,0.0,1.0,-1346.82,0.87
107,2,school_small,0.25,0,92.0,300,0.0,0.0,1.0,-1361.19,0.8648
108,2,school_small,0.0,0,300,300,0.0,0.0,1.0,-1700.96,0.8585
109,2,school_small,0.25,0,264.0,300,0.0,0.0,1.0,-1509.64,0.8523
110,2,school_small,0.25,0,51.0,300,0.0,0.0,1.0,-1261.86,0.8473
111,2,school_small,0.0,0,300,300,0.0,0.0,1.0,-1778.3,0.841
112,2,school_small,0.25,0,39.0,300,0.0,0.0,1.0,-1297.18,0.836
113,2,school_small,0.25,0,106.0,300,0.0,0.0,1.0,-1444.8,0.8307
114,2,school_small,0.5,0,137.5,300,0.0,0.0,1.0,-1105.7,0.8261
115,2,school_small,0.0,0,300,300,0.0,0.0,1.0,-1750.12,0.8198
116,2,school_small,0.0,0,300,300,0.0,0.0,1.0,-1818.19,0.8134
117,2,school_small,0.0,0,300,300,0.0,0.0,1.0,-1794.36,0.8071
118,2,school_small,0.0,0,300,300,0.0,0.0,1.0,-1726.81,0.8008
119,2,school_small,0.25,0,15.0,300,0.0,0.0,1.0,-1312.05,0.7959
120,2,school_small,0.5,0,127.0,300,0.0,0.0,1.0,-1093.0,0.7914
121,2,school_small,0.0,0,300,300,0.0,0.0,1.0,-1829.68,0.7851
122,2,school_small,0.25,0,161.0,300,0.0,0.0,1.0,-1465.61,0.7795
123,2,school_small,0.25,0,34.0,300,0.0,0.0,1.0,-1274.78,0.7746
124,2,school_small,0.25,0,131.0,300,0.0,0.0,1.0,-1471.11,0.7691
125,2,school_small,0.25,0,288.0,300,0.0,0.0,1.0,-1544.75,0.7628
126,2,school_small,0.25,0,19.0,300,0.0,0.0,1.0,-1159.28,0.758
127,2,school_small,0.25,0,35.0,300,0.0,0.0,1.0,-1265.48,0.7531
128,2,school_small,0.25,0,266.0,300,0.0,0.0,1.0,-1609.04,0.7469
129,2,school_small,0.25,0,149.0,300,0.0,0.0,1.0,-1332.7,0.7414
130,2,school_small,0.5,0,229.0,300,0.0,0.0,1.0,-1278.65,0.7358
131,2,school_small,0.75,0,167.0,300,0.0,0.0,1.0,-837.38,0.7316
132,2,school_small,0.25,0,42.0,300,0.0,0.0,1.0,-1235.32,0.7266
133,2,school_small,0.5,0,192.0,300,0.0,0.0,1.0,-1121.84,0.7214
134,2,school_small,0.25,0,142.0,300,0.0,0.0,1.0,-1474.58,0.7159
135,2,school_small,0.5,0,169.0,300,0.0,0.0,1.0,-1092.05,0.7109
136,2,school_small,0.5,0,138.5,300,0.0,0.0,1.0,-1032.4,0.7063
137,2,school_small,0.0,0,300,300,0.0,0.0,1.0,-1730.33,0.7
138,2,school_small,0.25,0,19.0,300,0.0,0.0,1.0,-1294.87,0.6951
139,2,school_small,0.5,0,200.0,300,0.0,0.0,1.0,-1263.03,0.6899
140,2,school_small,0.25,0,16.0,300,0.0,0.0,1.0,-1377.57,0.685
141,2,school_small,0.5,0,170.5,300,0.0,0.0,1.0,-1126.16,0.68
142,2,school_small,0.5,0,113.5,300,0.0,0.0,1.0,-983.28,0.6757
143,2,school_small,0.5,0,159.5,300,0.0,0.0,1.0,-1036.03,0.6708
144,2,school_small,0.75,0,189.0,300,0.0,0.0,1.0,-771.42,0.6663
145,2,school_small,0.5,0,155.5,300,0.0,0.0,1.0,-986.14,0.6614
146,2,school_small,0.5,0,159.0,300,0.0,0.0,1.0,-1063.32,0.6566
147,2,school_small,0.75,0,140.0,300,0.0,0.0,1.0,-583.99,0.6528
148,2,school_small,0.75,0,160.0,300,0.0,0.0,1.0,-692.18,0.6487
149,2,school_small,0.5,0,127.0,300,0.0,0.0,1.0,-946.73,0.6442
150,2,school_small,0.25,0,76.0,300,0.0,0.0,1.0,-1349.67,0.639
151,2,school_small,0.5,0,179.5,300,0.0,0.0,1.0,-1129.7,0.634
152,2,school_small,0.75,0,90.67,300,0.0,0.0,1.0,-543.86,0.631
153,2,school_small,0.75,0,131.33,300,0.0,0.0,1.0,-693.31,0.6273
154,2,school_small,0.75,0,168.0,300,0.0,0.0,1.0,-726.29,0.623
155,2,school_small,0.75,0,109.67,300,0.0,0.0,1.0,-584.89,0.6197
156,2,school_small,0.5,0,192.5,300,0.0,0.0,1.0,-1148.06,0.6145
157,2,school_small,0.75,0,128.0,300,0.0,0.0,1.0,-730.75,0.6109
158,2,school_small,0.5,0,123.5,300,0.0,0.0,1.0,-988.59,0.6064
159,2,school_small,0.0,0,300,300,0.0,0.0,1.0,-1722.44,0.6001
160,2,school_small,0.25,0,82.0,300,0.0,0.0,1.0,-1254.72,0.5949
161,2,school_small,0.5,0,59.5,300,0.0,0.0,1.0,-845.29,0.5911
162,2,school_small,0.5,0,105.0,300,0.0,0.0,1.0,-1023.18,0.5869
163,2,school_small,0.75,0,153.0,300,0.0,0.0,1.0,-687.1,0.5828
164,2,school_small,0.75,0,172.0,300,0.0,0.0,1.0,-845.67,0.5785
165,2,school_small,0.5,0,95.0,300,0.0,0.0,1.0,-812.48,0.5744
166,2,school_small,1.0,1,117.5,238,0.0,0.0,1.0,-154.79,0.5719
167,2,school_small,1.0,1,128.25,266,0.0,0.0,1.0,-181.87,0.5692
168,2,school_small,0.25,0,69.0,300,0.0,0.0,1.0,-1322.32,0.5641
169,2,school_small,0.75,0,136.67,300,0.0,0.0,1.0,-675.67,0.5603
170,2,school_small,0.25,0,41.0,300,0.0,0.0,1.0,-1273.78,0.5554
171,2,school_small,0.75,0,130.0,300,0.0,0.0,1.0,-622.69,0.5517
172,2,school_small,0.75,0,152.33,300,0.0,0.0,1.0,-582.9,0.5477
173,2,school_small,0.75,0,126.0,300,0.0,0.0,1.0,-490.12,0.5441
174,2,school_small,0.75,0,71.33,300,0.0,0.0,1.0,-417.84,0.5414
175,2,school_small,0.5,0,123.5,300,0.0,0.0,1.0,-907.63,0.537
176,2,school_small,0.75,0,120.0,300,0.0,0.0,1.0,-525.96,0.5335
177,2,school_small,0.75,0,94.0,300,0.0,0.0,1.0,-419.61,0.5304
178,2,school_small,0.5,0,128.5,300,0.0,0.0,1.0,-1009.9,0.5259
179,2,school_small,0.5,0,132.0,300,0.0,0.0,1.0,-927.6,0.5213
180,2,school_small,0.75,0,44.33,300,0.0,0.0,1.0,-357.0,0.519
181,2,school_small,0.75,0,162.0,300,0.0,0.0,1.0,-553.78,0.5149
182,2,school_small,1.0,1,190.25,248,0.0,0.0,1.0,-567.93,0.5109
183,2,school_small,0.75,0,206.67,300,0.0,0.0,1.0,-938.11,0.506
184,2,school_small,1.0,1,137.5,210,0.0,0.0,1.0,-332.86,0.5031
185,2,school_small,0.75,0,93.33,300,0.0,0.0,1.0,-476.08,0.5
186,2,school_small,0.75,0,147.67,300,0.0,0.0,1.0,-693.92,0.4961
187,2,school_small,0.75,0,73.33,300,0.0,0.0,1.0,-340.81,0.4934
188,2,school_small,1.0,1,110.0,165,0.0,0.0,1.0,-173.46,0.4911
189,2,school_small,1.0,1,147.75,201,0.0,0.0,1.0,-296.59,0.4879
190,2,school_small,1.0,1,153.25,270,0.0,0.0,1.0,-397.57,0.4847
191,2,school_small,1.0,1,93.5,172,0.0,0.0,1.0,-61.7,0.4827
192,2,school_small,1.0,1,114.5,168,0.0,0.0,1.0,-113.55,0.4803
193,2,school_small,1.0,1,109.75,172,0.0,0.0,1.0,-59.4,0.478
194,2,school_small,0.75,0,103.33,300,0.0,0.0,1.0,-431.58,0.4748
195,2,school_small,1.0,1,121.25,193,0.0,0.0,1.0,-98.86,0.4722
196,2,school_small,1.0,1,117.75,185,0.0,0.0,1.0,-213.77,0.4697
197,2,school_small,1.0,1,117.25,238,0.0,0.0,1.0,-133.47,0.4673
198,2,school_small,1.0,1,64.25,128,0.0,0.0,1.0,122.25,0.4659
199,3,office_wing_small,0.5,0,128.5,300,0.0,0.0,1.0,-1077.16,0.896
200,3,office_wing_small,0.0,0,300,300,0.0,0.0,1.0,-1863.63,0.8903
201,3,office_wing_small,0.0,0,300,300,0.25,0.1875,1.075,-2117.06,0.8846
202,3,office_wing_small,0.25,0,288.0,300,0.0,0.0,1.0,-1593.82,0.879
203,3,office_wing_small,0.5,0,118.5,300,0.0,0.0,1.0,-1024.89,0.8751
204,3,office_wing_small,0.25,0,108.0,300,0.25,0.1875,1.075,-1551.45,0.8703
205,3,office_wing_small,0.5,0,155.5,300,0.0,0.0,1.0,-1114.82,0.866
206,3,office_wing_small,0.0,0,300,300,0.115,0.0397,1.0425,-2205.48,0.8603
207,3,office_wing_small,0.0,0,300,300,0.0,0.0,1.0,-1723.59,0.8547
208,3,office_wing_small,0.0,0,300,300,0.0,0.0,1.0,-1761.55,0.849
209,3,office_wing_small,0.25,0,198.0,300,0.095,0.0271,1.0395,-1447.99,0.8438
210,3,office_wing_small,0.5,0,129.0,300,0.0,0.0,1.0,-1020.3,0.8398
211,3,office_wing_small,0.25,0,24.0,300,0.25,0.1875,1.075,-1279.15,0.8354
212,3,office_wing_small,0.25,0,207.0,300,0.25,0.1875,1.075,-1487.69,0.8302
213,3,office_wing_small,0.25,0,179.0,300,0.25,0.1875,1.075,-1543.65,0.8251
214,3,office_wing_small,0.25,0,136.0,300,0.0,0.0,1.0,-1320.38,0.8202
215,3,office_wing_small,0.0,0,300,300,0.25,0.1875,1.075,-2148.14,0.8145
216,3,office_wing_small,0.5,0,145.5,300,0.25,0.1875,1.075,-1230.02,0.8103
217,3,office_wing_small,0.75,0,136.33,300,0.0,0.0,1.0,-633.16,0.807
218,3,office_wing_small,0.5,0,176.0,300,0.31,0.0969,1.0844,-1231.41,0.8025
219,3,office_wing_small,0.25,0,104.0,300,0.0,0.0,1.0,-1506.53,0.7977
220,3,office_wing_small,0.75,0,113.67,300,0.165,0.0817,1.0278,-608.13,0.7947
221,3,office_wing_small,0.75,0,138.33,300,0.0,0.0,1.0,-698.91,0.7913
222,3,office_wing_small,0.5,0,107.0,300,0.25,0.1875,1.0697,-927.05,0.7875
223,3,office_wing_small,0.25,0,200.0,300,0.25,0.1875,1.075,-1918.94,0.7823
224,3,office_wing_small,0.5,0,267.5,300,0.0,0.0,1.0,-1475.87,0.7769
225,3,office_wing_small,0.5,0,174.5,300,0.02,0.0012,1.0051,-1092.08,0.7724
226,3,office_wing_small,0.5,0,124.5,300,0.07,0.0147,1.0382,-1222.36,0.7684
227,3,office_wing_small,0.25,0,222.0,300,0.195,0.1141,1.075,-1481.35,0.7631
228,3,office_wing_small,0.5,0,56.5,300,0.0,0.0,1.0,-875.95,0.7598
229,3,office_wing_small,0.5,0,122.5,300,0.0,0.0,1.0,-915.95,0.7558
230,3,office_wing_small,0.5,0,212.0,300,0.25,0.1875,1.0746,-1267.87,0.7509
231,3,office_wing_small,0.25,0,300.0,300,0.21,0.1323,1.075,-1536.77,0.7453
232,3,office_wing_small,0.75,0,73.0,300,0.0,0.0,1.0001,-363.92,0.7428
233,3,office_wing_small,0.5,0,179.5,300,0.25,0.1875,1.075,-1224.87,0.7383
234,3,office_wing_small,1.0,1,117.75,245,0.0,0.0,1.0,-274.12,0.7361
235,3,office_wing_small,0.75,0,160.0,300,0.065,0.0127,1.038,-677.49,0.7324
236,3,office_wing_small,0.5,0,205.5,300,0.0,0.0,1.0,-1146.59,0.7276
237,3,office_wing_small,1.0,1,194.75,280,0.0,0.0,1.0,-597.61,0.7239
238,3,office_wing_small,0.75,0,109.33,300,0.015,0.0007,1.0041,-634.37,0.721
239,3,office_wing_small,0.25,0,72.0,300,0.05,0.0075,1.0195,-1357.31,0.7164
240,3,office_wing_small,0.75,0,199.0,300,0.215,0.1387,1.0752,-861.53,0.7122
241,3,office_wing_small,0.5,0,194.5,300,0.075,0.0169,1.0,-1085.58,0.7075
242,3,office_wing_small,0.5,0,86.0,300,0.0,0.0,1.0001,-797.48,0.7038
243,3,office_wing_small,0.75,0,137.33,300,0.0,0.0,1.0,-555.28,0.7005
244,3,office_wing_small,1.0,1,130.5,256,0.0,0.0,1.0,-237.1,0.698
245,3,office_wing_small,0.5,0,70.5,300,0.105,0.0331,1.0362,-845.35,0.6945
246,3,office_wing_small,0.75,0,159.67,300,0.0,0.0,1.0,-796.48,0.6908
247,3,office_wing_small,0.25,0,229.0,300,0.25,0.1875,1.0673,-1515.61,0.6855
248,3,office_wing_small,0.75,0,127.67,300,0.0,0.0,1.0,-581.09,0.6823
249,3,office_wing_small,0.75,0,119.67,300,0.0,0.0,1.0,-547.62,0.6792
250,3,office_wing_small,0.75,0,171.0,300,0.165,0.0817,1.075,-696.58,0.6753
251,3,office_wing_small,0.75,0,144.67,300,0.0,0.0,1.0,-657.71,0.6719
252,3,office_wing_small,0.75,0,152.0,300,0.0,0.0,1.0,-616.04,0.6683
253,3,office_wing_small,0.5,0,42.5,300,0.0,0.0,1.0004,-885.0,0.665
254,3,office_wing_small,0.75,0,96.0,300,0.0,0.0,1.0,-395.64,0.6623
255,3,office_wing_small,0.75,0,166.0,300,0.02,0.0012,1.0051,-703.56,0.6585
256,3,office_wing_small,0.75,0,173.67,300,0.185,0.1027,1.0718,-743.47,0.6546
257,3,office_wing_small,1.0,1,227.0,286,0.005,0.0001,1.0026,-747.34,0.6503
258,3,office_wing_small,0.75,0,196.33,300,0.0,0.0,1.0,-743.55,0.6461
259,3,office_wing_small,0.75,0,150.33,300,0.015,0.0007,1.0036,-776.82,0.6426
260,3,office_wing_small,0.75,0,120.0,300,0.03,0.0027,1.0079,-572.5,0.6395
261,3,office_wing_small,0.75,0,185.0,300,0.02,0.0012,1.0051,-717.64,0.6354
262,3,office_wing_small,0.5,0,101.0,300,0.045,0.0061,1.0155,-928.98,0.6316
263,3,office_wing_small,0.75,0,129.0,300,0.185,0.1027,1.0744,-611.6,0.6284
264,3,office_wing_small,0.75,0,169.67,300,0.0,0.0,1.0,-709.3,0.6246
265,3,office_wing_small,0.75,0,140.0,300,0.0,0.0,1.0,-699.1,0.6212
266,3,office_wing_small,1.0,1,129.0,229,0.0,0.0,1.0,-232.33,0.6187
267,3,office_wing_small,0.75,0,78.0,300,0.0,0.0,1.0,-401.32,0.6162
268,3,office_wing_small,0.75,0,97.0,300,0.0,0.0,1.0,-409.98,0.6134
269,3,office_wing_small,1.0,1,77.0,174,0.0,0.0,1.0,-23.24,0.612
270,3,office_wing_small,1.0,1,119.25,243,0.0,0.0,1.0,-154.65,0.6097
271,3,office_wing_small,0.5,0,61.5,300,0.175,0.0919,1.0749,-940.95,0.6063
272,3,office_wing_small,0.75,0,197.0,300,0.1,0.03,1.0401,-1003.36,0.6021
273,3,office_wing_small,0.5,0,153.5,300,0.22,0.1452,1.075,-1014.48,0.5978
274,3,office_wing_small,0.75,0,136.0,300,0.0,0.0,1.0,-665.35,0.5945
275,3,office_wing_small,0.75,0,89.0,300,0.0,0.0,1.0013,-474.17,0.5918
276,3,office_wing_small,0.5,0,124.5,300,0.125,0.0469,1.0359,-1103.99,0.5878
277,3,office_wing_small,1.0,1,96.0,221,0.0,0.0,1.0,-121.15,0.586
278,3,office_wing_small,1.0,1,79.5,118,0.0,0.0,1.0,9.48,0.5845
279,3,office_wing_small,0.75,0,183.67,300,0.035,0.0037,1.0073,-915.91,0.5805
280,3,office_wing_small,0.5,0,45.5,300,0.08,0.0192,1.0373,-793.63,0.5772
281,3,office_wing_small,0.75,0,117.33,300,0.0,0.0,1.0,-521.06,0.5741
282,3,office_wing_small,1.0,1,127.75,276,0.0,0.0,1.0,-202.7,0.5717
283,3,office_wing_small,0.75,0,94.67,300,0.165,0.0817,1.075,-512.44,0.569
284,3,office_wing_small,0.75,0,194.67,300,0.0,0.0,1.0001,-763.01,0.5648
285,3,office_wing_small,1.0,1,156.25,245,0.0,0.0,1.0,-352.2,0.5618
286,3,office_wing_small,0.75,0,205.67,300,0.24,0.1728,1.075,-952.73,0.5575
287,3,office_wing_small,1.0,1,130.5,273,0.0,0.0,1.0001,-254.13,0.555
288,3,office_wing_small,0.75,0,102.33,300,0.13,0.0507,1.0415,-568.93,0.5522
289,3,office_wing_small,1.0,1,142.75,232,0.12,0.0432,1.0447,-231.28,0.5495
290,3,office_wing_small,1.0,1,131.25,213,0.0,0.0,1.0,-209.13,0.547
291,3,office_wing_small,1.0,1,165.0,259,0.0,0.0,1.0016,-362.3,0.5439
292,4,library_small,0.0,0,300,300,0.0,0.0,1.0,-1817.39,0.8943
293,4,library_small,0.0,0,300,300,0.25,0.1875,1.0748,-2032.03,0.8887
294,4,library_small,0.25,0,89.0,300,0.0,0.0,1.0,-1418.7,0.884
295,4,library_small,0.25,0,161.0,300,0.0,0.0,1.0,-1458.55,0.879
296,4,library_small,0.25,0,233.0,300,0.25,0.1875,1.075,-1705.06,0.8737
297,4,library_small,0.0,0,300,300,0.0,0.0,1.0,-1845.72,0.868
298,4,library_small,0.0,0,300,300,0.0,0.0,1.0,-1791.95,0.8623
299,4,library_small,0.0,0,300,300,0.0,0.0,1.0,-1769.42,0.8567
300,4,library_small,0.0,0,300,300,0.0,0.0,1.0,-1718.85,0.851
301,4,library_small,0.0,0,300,300,0.0,0.0,1.0,-1760.15,0.8453
302,4,library_small,0.25,0,294.0,300,0.0,0.0,1.0,-1711.63,0.8397
303,4,library_small,0.25,0,270.0,300,0.09,0.0243,1.0153,-1735.43,0.8342
304,4,library_small,0.25,0,89.0,300,0.0,0.0,1.0,-1295.32,0.8295
305,4,library_small,0.25,0,237.0,300,0.25,0.1875,1.075,-1716.9,0.8241
306,4,library_small,0.25,0,82.0,300,0.0,0.0,1.0,-1306.28,0.8195
307,4,library_small,0.0,0,300,300,0.0,0.0,1.0,-1655.94,0.8138
308,4,library_small,0.0,0,300,300,0.0,0.0,1.0,-1644.55,0.8081
309,4,library_small,0.0,0,300,300,0.0,0.0,1.0,-1848.75,0.8025
310,4,library_small,0.0,0,300,300,0.25,0.1875,1.075,-1763.43,0.7968
311,4,library_small,0.0,0,300,300,0.0,0.0,1.0,-1691.86,0.7911
312,4,library_small,0.25,0,259.0,300,0.0,0.0,1.0,-1522.82,0.7857
313,4,library_small,0.25,0,290.0,300,0.0,0.0,1.0,-1565.04,0.78
314,4,library_small,0.5,0,175.0,300,0.0,0.0,1.0,-1075.79,0.7756
315,4,library_small,0.25,0,272.0,300,0.0,0.0,1.0,-1649.61,0.77
316,4,library_small,0.0,0,300,300,0.0,0.0,1.0,-1798.77,0.7644
317,4,library_small,0.75,0,75.67,300,0.0,0.0,1.0,-438.04,0.7619
318,4,library_small,0.0,0,300,300,0.0,0.0,1.0,-1654.88,0.7562
319,4,library_small,0.5,0,166.0,300,0.0,0.0,1.0,-1156.96,0.7518
320,4,library_small,0.5,0,140.0,300,0.0,0.0,1.0,-1108.76,0.7476
321,4,library_small,0.5,0,124.0,300,0.0,0.0,1.0,-939.99,0.7436
322,4,library_small,0.25,0,18.0,300,0.0,0.0,1.0,-1245.5,0.7393
323,4,library_small,0.25,0,259.0,300,0.0,0.0,1.0,-1614.4,0.7338
324,4,library_small,0.25,0,163.0,300,0.0,0.0,1.0,-1383.89,0.7288
325,4,library_small,0.5,0,55.0,300,0.24,0.1728,1.0595,-819.69,0.7255
326,4,library_small,0.5,0,103.5,300,0.0,0.0,1.0,-882.71,0.7217
327,4,library_small,0.5,0,202.0,300,0.105,0.0331,1.0135,-1204.39,0.7169
328,4,library_small,0.5,0,148.5,300,0.0,0.0,1.0,-1028.49,0.7127
329,4,library_small,0.5,0,256.0,300,0.0,0.0,1.0,-1416.36,0.7074
330,4,library_small,0.0,0,300,300,0.0,0.0,1.0,-1718.22,0.7018
331,4,library_small,0.5,0,89.5,300,0.215,0.1387,1.075,-992.4,0.6981
332,4,library_small,0.75,0,71.0,300,0.0,0.0,1.0,-377.5,0.6957
333,4,library_small,0.25,0,146.0,300,0.0,0.0,1.0003,-1349.78,0.6907
334,4,library_small,0.75,0,103.67,300,0.0,0.0,1.0,-642.42,0.6878
335,4,library_small,0.5,0,104.0,300,0.25,0.1875,1.075,-948.29,0.684
336,4,library_small,0.75,0,130.0,300,0.0,0.0,1.0,-657.91,0.6808
337,4,library_small,0.5,0,94.0,300,0.25,0.1875,1.075,-873.23,0.677
338,4,library_small,0.75,0,201.0,300,0.0,0.0,1.0,-927.19,0.6728
339,4,library_small,0.5,0,51.5,300,0.0,0.0,1.0,-919.85,0.6694
340,4,library_small,0.75,0,195.0,300,0.0,0.0,1.0,-960.23,0.6653
341,4,library_small,0.5,0,104.0,300,0.25,0.1875,1.075,-1022.55,0.6615
342,4,library_small,0.5,0,169.0,300,0.25,0.1875,1.0745,-1012.62,0.657
343,4,library_small,0.5,0,100.5,300,0.0,0.0,1.0,-1024.28,0.6532
344,4,library_small,0.5,0,159.0,300,0.0,0.0,1.0,-1063.82,0.6489
345,4,library_small,0.25,0,116.0,300,0.23,0.1587,1.0747,-1183.73,0.6441
346,4,library_small,0.5,0,195.0,300,0.25,0.1875,1.0747,-1057.53,0.6394
347,4,library_small,0.5,0,65.0,300,0.0,0.0,1.0,-887.62,0.636
348,4,library_small,0.25,0,251.0,300,0.0,0.0,1.0,-1441.15,0.6305
349,4,library_small,0.5,0,149.5,300,0.0,0.0,1.0,-1009.58,0.6263
350,4,library_small,0.5,0,54.0,300,0.0,0.0,1.0,-803.32,0.623
351,4,library_small,0.5,0,170.5,300,0.0,0.0,1.0,-1219.9,0.6185
352,4,library_small,0.5,0,28.0,300,0.0,0.0,1.0,-747.96,0.6154
353,4,library_small,0.75,0,95.0,300,0.0,0.0,1.0,-483.94,0.6127
354,4,library_small,0.5,0,99.5,300,0.0,0.0,1.0,-867.91,0.6089
355,4,library_small,0.75,0,126.0,300,0.0,0.0,1.0,-603.99,0.6057
356,4,library_small,0.5,0,62.0,300,0.025,0.0019,1.0064,-825.78,0.6023
357,4,library_small,0.25,0,36.0,300,0.0,0.0,1.0,-1245.01,0.5979
358,4,library_small,0.75,0,163.33,300,0.25,0.1875,1.0748,-630.46,0.5941
359,4,library_small,1.0,1,66.25,142,0.0,0.0,1.0,58.09,0.5929
360,4,library_small,0.5,0,85.0,300,0.22,0.1452,1.075,-815.12,0.5892
361,4,library_small,0.5,0,104.5,300,0.075,0.0169,1.0383,-861.84,0.5854
362,4,library_small,1.0,1,135.5,240,0.0,0.0,1.0,-210.53,0.5829
363,4,library_small,0.75,0,69.33,300,0.0,0.0,1.0,-372.18,0.5805
364,4,library_small,0.25,0,112.0,300,0.02,0.0012,1.0007,-1318.91,0.5757
365,4,library_small,0.5,0,44.5,300,0.155,0.0721,1.0674,-807.14,0.5724
366,4,library_small,1.0,1,151.75,232,0.0,0.0,1.0,-401.53,0.5696
367,4,library_small,0.25,0,154.0,300,0.19,0.1083,1.075,-1275.1,0.5646
368,4,library_small,1.0,1,146.5,239,0.0,0.0,1.0,-314.12,0.5618
369,4,library_small,0.75,0,116.33,300,0.0,0.0,1.0,-443.25,0.5587
370,4,library_small,0.5,0,134.5,300,0.0,0.0,1.0,-814.25,0.5546
371,4,library_small,0.5,0,187.0,300,0.0,0.0,1.0,-1045.9,0.55
372,4,library_small,0.75,0,137.67,300,0.0,0.0,1.0,-613.82,0.5467
373,4,library_small,0.5,0,92.5,300,0.0,0.0,1.0,-811.02,0.543
374,4,library_small,0.75,0,122.0,300,0.0,0.0,1.0,-535.3,0.5398
375,4,library_small,0.5,0,134.5,300,0.065,0.0127,1.038,-846.24,0.5357
376,4,library_small,0.75,0,58.33,300,0.0,0.0,1.0,-337.55,0.5335
377,4,library_small,0.75,0,133.67,300,0.075,0.0169,1.0383,-472.26,0.5302
378,4,library_small,0.25,0,161.0,300,0.15,0.0675,1.0252,-1333.62,0.5252
379,4,library_small,0.5,0,111.0,300,0.0,0.0,1.0,-906.05,0.5213
380,4,library_small,1.0,1,88.0,178,0.0,0.0,1.0002,10.69,0.5196
381,4,library_small,0.5,0,105.5,300,0.0,0.0,1.0,-846.58,0.5158
382,4,library_small,0.75,0,121.0,300,0.0,0.0,1.0,-481.46,0.5126
383,4,library_small,1.0,1,140.5,188,0.0,0.0,1.0,-197.71,0.51
384,4,library_small,0.75,0,122.33,300,0.0,0.0,1.0,-602.65,0.5068
385,4,library_small,0.5,0,25.0,300,0.0,0.0,1.0,-748.18,0.5038
386,4,library_small,0.25,0,86.0,300,0.46,0.2148,1.145,-1385.94,0.4991
387,4,library_small,0.5,0,176.0,300,0.0,0.0,1.0,-1073.25,0.4946
388,4,library_small,0.75,0,148.33,300,0.0,0.0,1.0,-648.39,0.4911
389,4,library_small,0.25,0,120.0,300,0.005,0.0001,1.0026,-1340.3,0.4863
390,4,library_small,1.0,1,131.25,228,0.0,0.0,1.0,-178.7,0.4838
391,4,library_small,0.5,0,149.5,300,0.0,0.0,1.0,-953.07,0.4796
392,4,library_small,0.5,0,128.0,300,0.0,0.0,1.0,-1043.2,0.4755
393,4,library_small,0.5,0,89.5,300,0.0,0.0,1.0,-891.41,0.4718
394,4,library_small,0.25,0,14.0,300,0.15,0.0675,1.0252,-1194.21,0.4675
395,4,library_small,0.75,0,151.0,300,0.0,0.0,1.0,-723.08,0.464
396,4,library_small,0.5,0,69.5,300,0.09,0.0243,1.0391,-723.09,0.4605
397,4,library_small,0.75,0,152.67,300,0.0,0.0,1.0001,-747.88,0.4569
398,4,library_small,1.0,1,97.0,129,0.0,0.0,1.0,11.3,0.4551
399,4,library_small,0.75,0,130.33,300,0.0,0.0,1.0,-683.31,0.4518
400,4,library_small,0.25,0,283.0,300,0.75,0.1875,1.225,-1488.91,0.4462
401,4,library_small,0.75,0,205.33,300,0.05,0.0075,1.0202,-1044.13,0.4419
402,4,library_small,0.5,0,206.0,300,0.225,0.1519,1.0774,-1041.21,0.4371
403,4,library_small,1.0,1,104.75,165,0.0,0.0,1.0002,-51.94,0.4351
404,4,library_small,0.75,0,91.0,300,0.0,0.0,1.0001,-406.06,0.4324
405,4,library_small,1.0,1,74.25,118,0.0,0.0,1.0002,66.55,0.431
406,4,library_small,1.0,1,111.0,209,0.0,0.0,1.0,-103.47,0.4289
407,4,library_small,1.0,1,125.5,165,0.0,0.0,1.0004,-202.85,0.4266
408,4,library_small,1.0,1,108.5,216,0.0,0.0,1.0,-108.44,0.4245
409,4,library_small,0.5,0,108.5,300,0.445,0.2041,1.15,-837.61,0.4207
410,4,library_small,1.0,1,140.5,228,0.0,0.0,1.0003,-265.57,0.418
411,4,library_small,0.75,0,129.0,300,0.0,0.0,1.0003,-488.99,0.4148
412,4,library_small,1.0,1,134.25,222,0.0,0.0,1.0013,-314.99,0.4122
413,4,library_small,1.0,1,121.0,244,0.0,0.0,1.0002,-97.32,0.4099
414,4,library_small,0.75,0,102.0,300,0.0,0.0,1.0021,-390.77,0.4071
415,4,library_small,1.0,1,157.75,251,0.0,0.0,1.0003,-347.63,0.4041
416,4,library_small,0.75,0,116.0,300,0.0,0.0,1.0001,-569.04,0.401
417,4,library_small,1.0,1,126.75,264,0.02,0.0012,1.0062,-150.74,0.3986
418,4,library_small,1.0,1,190.25,290,0.025,0.0019,1.0073,-465.23,0.395
419,4,library_small,1.0,1,113.25,187,0.0,0.0,1.0014,-151.84,0.3929
420,4,library_small,0.75,0,142.67,300,0.02,0.0006,1.0084,-663.86,0.3895
421,4,library_small,1.0,1,141.0,186,0.125,0.0469,1.0455,-208.1,0.3868
422,4,library_small,1.0,1,62.75,135,0.0,0.0,1.0001,45.98,0.3856
423,5,mall_small_bottom,0.25,0,112.0,300,0.0,0.0,1.0,-1411.49,0.8952
424,5,mall_small_bottom,0.0,0,300,300,0.0,0.0,1.0,-1823.3,0.8896
425,5,mall_small_bottom,0.25,0,160.0,300,0.0,0.0,1.0,-1508.09,0.8845
426,5,mall_small_bottom,0.25,0,285.0,300,0.0,0.0,1.0,-1676.81,0.879
427,5,mall_small_bottom,0.25,0,211.0,300,0.0,0.0,1.0,-1560.25,0.8737
428,5,mall_small_bottom,0.0,0,300,300,0.0,0.0,1.0,-1814.13,0.868
429,5,mall_small_bottom,0.25,0,243.0,300,0.0,0.0,1.0,-1575.96,0.8627
430,5,mall_small_bottom,0.5,0,209.0,300,0.0,0.0,1.0,-1257.46,0.8578
431,5,mall_small_bottom,0.25,0,191.0,300,0.0,0.0,1.0,-1505.23,0.8527
432,5,mall_small_bottom,0.25,0,21.0,300,0.0,0.0,1.0,-1273.42,0.8483
433,5,mall_small_bottom,0.0,0,300,300,0.0,0.0,1.0,-1801.14,0.8427
434,5,mall_small_bottom,0.25,0,161.0,300,0.0,0.0,1.0,-1536.94,0.8377
435,5,mall_small_bottom,0.25,0,206.0,300,0.0,0.0,1.0,-1571.19,0.8324
436,5,mall_small_bottom,0.5,0,43.0,300,0.0,0.0,1.0,-802.42,0.8292
437,5,mall_small_bottom,0.25,0,116.0,300,0.0,0.0,1.0,-1412.19,0.8244
438,5,mall_small_bottom,0.5,0,88.5,300,0.0,0.0,1.0,-953.97,0.8207
439,5,mall_small_bottom,0.5,0,154.0,300,0.0,0.0,1.0,-1197.27,0.8165
440,5,mall_small_bottom,0.25,0,113.0,300,0.0,0.0,1.0,-1363.5,0.8117
441,5,mall_small_bottom,0.5,0,162.0,300,0.0,0.0,1.0,-1102.47,0.8073
442,5,mall_small_bottom,0.5,0,187.5,300,0.0,0.0,1.0,-1212.93,0.8027
443,5,mall_small_bottom,0.25,0,103.0,300,0.0,0.0,1.0,-1368.91,0.798
444,5,mall_small_bottom,0.5,0,125.5,300,0.0,0.0,1.0,-1004.93,0.7939
445,5,mall_small_bottom,0.5,0,90.5,300,0.0,0.0,1.0,-880.49,0.7903
446,5,mall_small_bottom,0.5,0,169.5,300,0.0,0.0,1.0,-1111.85,0.7858
447,5,mall_small_bottom,0.25,0,24.0,300,0.0,0.0,1.0,-1226.79,0.7815
448,5,mall_small_bottom,0.25,0,153.0,300,0.0,0.0,1.0,-1376.76,0.7765
449,5,mall_small_bottom,0.5,0,152.5,300,0.0,0.0,1.0,-1120.15,0.7722
450,5,mall_small_bottom,0.75,0,127.0,300,0.0,0.0,1.0,-649.69,0.769
451,5,mall_small_bottom,0.5,0,94.5,300,0.0,0.0,1.0,-881.92,0.7653
452,5,mall_small_bottom,0.75,0,155.0,300,0.0,0.0,1.0,-775.49,0.7617
453,5,mall_small_bottom,0.5,0,97.0,300,0.0,0.0,1.0,-934.16,0.7579
454,5,mall_small_bottom,0.75,0,115.0,300,0.0,0.0,1.0,-630.27,0.7549
455,5,mall_small_bottom,1.0,1,102.5,179,0.0,0.0,1.0,-189.88,0.7529
456,5,mall_small_bottom,0.5,0,159.0,300,0.0,0.0,1.0,-1058.12,0.7486
457,5,mall_small_bottom,0.75,0,165.67,300,0.0,0.0,1.0,-837.37,0.7448
458,5,mall_small_bottom,0.5,0,110.5,300,0.0,0.0,1.0,-900.99,0.741
459,5,mall_small_bottom,1.0,1,172.5,300,0.0,0.0,1.0,-553.81,0.7377
460,5,mall_small_bottom,0.75,0,140.33,300,0.0,0.0,1.0,-717.16,0.7343
461,5,mall_small_bottom,1.0,1,141.25,254,0.0,0.0,1.0,-374.36,0.7316
462,5,mall_small_bottom,0.75,0,131.67,300,0.0,0.0,1.0,-645.0,0.7283
463,5,mall_small_bottom,0.75,0,188.0,300,0.0,0.0,1.0,-927.78,0.7243
464,5,mall_small_bottom,0.75,0,128.67,300,0.0,0.0,1.0,-632.38,0.721
465,5,mall_small_bottom,0.5,0,173.5,300,0.0,0.0,1.0,-1086.47,0.7166
466,5,mall_small_bottom,0.75,0,115.33,300,0.0,0.0,1.0,-590.32,0.7135
467,5,mall_small_bottom,0.75,0,155.33,300,0.0,0.0,1.0,-784.35,0.7099
468,5,mall_small_bottom,1.0,1,170.75,299,0.0,0.0,1.0,-565.98,0.7067
469,5,mall_small_bottom,1.0,1,143.25,245,0.0,0.0,1.0,-381.9,0.704
470,5,mall_small_bottom,0.75,0,105.33,300,0.0,0.0,1.0,-567.65,0.701
471,5,mall_small_bottom,0.25,0,129.0,300,0.0,0.0,1.0,-1377.16,0.6962
472,5,mall_small_bottom,1.0,1,119.5,194,0.0,0.0,1.0,-274.81,0.6939
473,5,mall_small_bottom,0.75,0,144.67,300,0.0,0.0,1.0,-748.97,0.6904
474,5,mall_small_bottom,0.75,0,78.0,300,0.0,0.0,1.0,-440.28,0.6879
475,5,mall_small_bottom,0.5,0,177.5,300,0.0,0.0,1.0,-1181.74,0.6834
476,5,mall_small_bottom,1.0,1,155.0,255,0.0,0.0,1.0,-414.67,0.6805
477,5,mall_small_bottom,0.25,0,69.0,300,0.0,0.0,1.0,-1386.27,0.6759
478,5,mall_small_bottom,1.0,1,111.75,236,0.0,0.0,1.0,-201.68,0.6738
479,5,mall_small_bottom,1.0,1,98.75,154,0.0,0.0,1.0,-146.24,0.6719
480,5,mall_small_bottom,0.75,0,152.67,300,0.0,0.0,1.0,-809.45,0.6684
481,5,mall_small_bottom,0.75,0,86.0,300,0.0,0.0,1.0,-531.94,0.6657
482,5,mall_small_bottom,0.75,0,132.67,300,0.0,0.0,1.0,-727.13,0.6624
483,5,mall_small_bottom,1.0,1,149.75,262,0.0,0.0,1.0,-405.07,0.6596
484,5,mall_small_bottom,1.0,1,122.25,285,0.0,0.0,1.0,-273.06,0.6573
485,5,mall_small_bottom,1.0,1,94.0,160,0.0,0.0,1.0,-109.82,0.6555
486,5,mall_small_bottom,0.75,0,104.67,300,0.0,0.0,1.0,-539.48,0.6526
487,5,mall_small_bottom,1.0,1,124.5,163,0.0,0.0,1.0,-270.44,0.6503
488,5,mall_small_bottom,0.75,0,168.33,300,0.0,0.0,1.0,-884.84,0.6465
489,6,library_small_bottom,0.0,0,300,300,0.225,0.1519,1.075,-1848.97,0.8943
490,6,library_small_bottom,0.0,0,300,300,0.25,0.1875,1.075,-1903.94,0.8887
491,6,library_small_bottom,0.0,0,300,300,0.25,0.1875,1.0749,-2011.05,0.883
492,6,library_small_bottom,0.25,0,170.0,300,0.075,0.0169,1.0,-1427.98,0.878
493,6,library_small_bottom,0.25,0,246.0,300,0.5,0.25,1.15,-1862.86,0.8725
494,6,library_small_bottom,0.25,0,30.0,300,0.25,0.1875,1.075,-1346.58,0.8682
495,6,library_small_bottom,0.0,0,300,300,0.25,0.1875,1.075,-1891.27,0.8625
496,6,library_small_bottom,0.0,0,300,300,0.165,0.0817,1.075,-1939.82,0.8568
497,6,library_small_bottom,0.0,0,300,300,0.5,0.25,1.15,-2053.81,0.8512
498,6,library_small_bottom,0.0,0,300,300,0.36,0.1688,1.1104,-1791.54,0.8455
499,6,library_small_bottom,0.25,0,35.0,300,0.25,0.1875,1.0734,-1230.74,0.8411
500,6,library_small_bottom,0.0,0,300,300,0.465,0.2187,1.15,-1947.73,0.8354
501,6,library_small_bottom,0.0,0,300,300,0.25,0.1875,1.0752,-1950.36,0.8297
502,6,library_small_bottom,0.25,0,289.0,300,0.25,0.1875,1.0751,-1758.92,0.8241
503,6,library_small_bottom,0.0,0,300,300,0.24,0.1728,1.0595,-1855.92,0.8185
504,6,library_small_bottom,0.25,0,272.0,300,0.25,0.1875,1.075,-1678.72,0.8129
505,6,library_small_bottom,0.25,0,46.0,300,0.25,0.1875,1.075,-1426.4,0.8084
506,6,library_small_bottom,0.25,0,91.0,300,0.465,0.2187,1.15,-1349.59,0.8038
507,6,library_small_bottom,0.25,0,129.0,300,0.235,0.1657,1.075,-1346.28,0.7989
508,6,library_small_bottom,0.25,0,155.0,300,0.25,0.1875,1.075,-1492.95,0.7939
509,6,library_small_bottom,0.75,0,155.0,300,0.0,0.0,1.0,-783.33,0.7903
510,6,library_small_bottom,0.0,0,300,300,0.46,0.2148,1.15,-1769.88,0.7846
511,6,library_small_bottom,0.25,0,60.0,300,0.25,0.1875,1.075,-1299.81,0.7801
512,6,library_small_bottom,0.5,0,56.5,300,0.25,0.1875,1.075,-837.28,0.7768
513,6,library_small_bottom,0.0,0,300,300,0.305,0.1691,1.075,-1898.97,0.7711
514,6,library_small_bottom,0.25,0,138.0,300,0.2722,0.1779,1.075,-1415.92,0.7662
515,6,library_small_bottom,0.0,0,300,300,0.25,0.1875,1.075,-1787.96,0.7605
516,6,library_small_bottom,0.25,0,163.0,300,0.25,0.1875,1.075,-1390.15,0.7555
517,6,library_small_bottom,0.25,0,184.0,300,0.25,0.1875,1.075,-1445.33,0.7504
518,6,library_small_bottom,0.25,0,134.0,300,0.25,0.1875,1.075,-1339.17,0.7455
519,6,library_small_bottom,0.0,0,300,300,0.315,0.1677,1.0905,-1692.37,0.7398
520,6,library_small_bottom,0.0,0,300,300,0.075,0.0169,1.0,-1904.79,0.7342
521,6,library_small_bottom,0.25,0,162.0,300,0.5,0.25,1.1451,-1362.84,0.7291
522,6,library_small_bottom,0.5,0,81.0,300,0.0,0.0,1.0001,-940.98,0.7255
523,6,library_small_bottom,0.25,0,85.0,300,0.25,0.1875,1.0771,-1319.7,0.7209
524,6,library_small_bottom,0.0,0,300,300,0.0,0.0,1.0006,-1875.71,0.7152
525,6,library_small_bottom,0.5,0,59.5,300,0.205,0.1261,1.0589,-775.89,0.7118
526,6,library_small_bottom,0.25,0,210.0,300,0.28,0.1752,1.0779,-1404.16,0.7066
527,6,library_small_bottom,0.5,0,147.5,300,0.0,0.0,1.0,-950.32,0.7024
528,6,library_small_bottom,0.75,0,127.67,300,0.0,0.0,1.0,-676.32,0.6991
529,6,library_small_bottom,0.5,0,153.5,300,0.0,0.0,1.0,-990.5,0.6949
530,6,library_small_bottom,0.25,0,66.0,300,0.36,0.1688,1.1165,-1227.67,0.6903
531,6,library_small_bottom,0.25,0,75.0,300,0.0,0.0,1.0,-1274.24,0.6857
532,6,library_small_bottom,0.25,0,276.0,300,0.0,0.0,1.0013,-1382.57,0.6801
533,6,library_small_bottom,0.75,0,104.0,300,0.0,0.0,1.0,-469.54,0.6772
534,6,library_small_bottom,0.5,0,256.5,300,0.25,0.1875,1.075,-1302.64,0.672
535,6,library_small_bottom,0.25,0,25.0,300,0.2,0.12,1.075,-1212.87,0.6676
536,6,library_small_bottom,0.75,0,108.33,300,0.0,0.0,1.0,-542.57,0.6647
537,6,library_small_bottom,0.5,0,166.5,300,0.25,0.1875,1.075,-1066.13,0.6603
538,6,library_small_bottom,0.25,0,226.0,300,0.25,0.1875,1.0748,-1466.94,0.655
539,6,library_small_bottom,0.5,0,210.5,300,0.04,0.0048,1.0125,-1294.63,0.6501
540,6,library_small_bottom,0.75,0,192.67,300,0.0,0.0,1.0,-794.97,0.646
541,6,library_small_bottom,0.25,0,277.0,300,0.0,0.0,1.0,-1445.76,0.6404
542,6,library_small_bottom,0.25,0,104.0,300,0.0,0.0,1.0,-1376.67,0.6357
543,6,library_small_bottom,0.75,0,182.33,300,0.0,0.0,1.0,-786.92,0.6317
544,6,library_small_bottom,0.25,0,59.0,300,0.1088,0.0242,1.0388,-1218.65,0.6272
545,6,library_small_bottom,0.5,0,127.5,300,0.0,0.0,1.0,-960.42,0.6231
546,6,library_small_bottom,0.5,0,226.5,300,0.0,0.0,1.0,-1294.14,0.6181
547,6,library_small_bottom,0.25,0,259.0,300,0.0,0.0,1.0,-1478.24,0.6127
548,6,library_small_bottom,0.25,0,101.0,300,0.0,0.0,1.0,-1321.88,0.6079
549,6,library_small_bottom,0.25,0,152.0,300,0.12,0.0432,1.0438,-1417.55,0.603
550,6,library_small_bottom,0.75,0,86.0,300,0.0,0.0,1.0,-609.75,0.6003
551,6,library_small_bottom,0.5,0,149.5,300,0.03,0.0027,1.0075,-1002.29,0.5961
552,6,library_small_bottom,0.75,0,112.33,300,0.0,0.0,1.0,-729.03,0.5931
553,6,library_small_bottom,0.25,0,119.0,300,0.1459,0.0563,1.0529,-1271.2,0.5883
554,6,library_small_bottom,0.75,0,162.0,300,0.0,0.0,1.0,-770.8,0.5846
555,6,library_small_bottom,0.25,0,160.0,300,0.06,0.0108,1.0,-1312.05,0.5796
556,6,library_small_bottom,0.5,0,65.5,300,0.0,0.0,1.0,-786.42,0.5761
557,6,library_small_bottom,0.75,0,140.33,300,0.0,0.0,1.0,-593.5,0.5727
558,6,library_small_bottom,0.5,0,131.0,300,0.0,0.0,1.0,-967.5,0.5686
559,6,library_small_bottom,0.5,0,245.0,300,0.0,0.0,1.0,-1153.84,0.5635
560,6,library_small_bottom,0.5,0,143.5,300,0.0,0.0,1.0,-956.31,0.5593
561,6,library_small_bottom,0.75,0,230.33,300,0.0,0.0,1.0,-968.84,0.5546
562,6,library_small_bottom,0.5,0,41.0,300,0.0,0.0,1.0,-645.25,0.5514
563,6,library_small_bottom,0.5,0,152.0,300,0.0,0.0,1.0,-949.98,0.5471
564,6,library_small_bottom,0.5,0,63.0,300,0.0,0.0,1.0,-730.79,0.5437
565,6,library_small_bottom,0.5,0,91.5,300,0.0,0.0,1.0,-906.44,0.54
566,6,library_small_bottom,0.5,0,73.0,300,0.0,0.0,1.0,-806.29,0.5365
567,6,library_small_bottom,0.5,0,158.5,300,0.0,0.0,1.0,-943.93,0.5322
568,6,library_small_bottom,0.5,0,69.0,300,0.0,0.0,1.0,-854.4,0.5287
569,6,library_small_bottom,0.75,0,197.33,300,0.0,0.0,1.0009,-852.15,0.5245
570,6,library_small_bottom,0.5,0,208.0,300,0.0,0.0,1.0,-1141.24,0.5197
571,6,library_small_bottom,0.5,0,230.5,300,0.25,0.1875,1.075,-1203.72,0.5146
572,6,library_small_bottom,0.25,0,176.0,300,0.25,0.1875,1.075,-1468.11,0.5096
573,6,library_small_bottom,0.25,0,90.0,300,0.5,0.25,1.15,-1342.22,0.5049
574,6,library_small_bottom,0.5,0,88.0,300,0.5,0.25,1.15,-901.34,0.5012
575,6,library_small_bottom,0.75,0,86.33,300,0.25,0.1875,1.075,-498.05,0.4986
576,6,library_small_bottom,0.5,0,102.0,300,0.25,0.1875,1.075,-1002.97,0.4948
577,6,library_small_bottom,0.5,0,92.5,300,0.5,0.25,1.15,-922.39,0.4911
578,6,library_small_bottom,0.75,0,118.33,300,0.25,0.1875,1.075,-576.36,0.488
579,6,library_small_bottom,0.25,0,24.0,300,0.5,0.25,1.15,-1198.89,0.4836
580,6,library_small_bottom,0.0,0,300,300,0.75,0.1875,1.225,-1907.35,0.478
581,6,library_small_bottom,0.5,0,85.5,300,0.5,0.25,1.15,-875.13,0.4743
582,6,library_small_bottom,0.25,0,53.0,300,0.5,0.25,1.15,-1360.52,0.4698
583,6,library_small_bottom,0.25,0,94.0,300,0.75,0.1875,1.225,-1334.98,0.4651
584,6,library_small_bottom,0.0,0,300,300,0.5,0.25,1.15,-1928.23,0.4595
585,6,library_small_bottom,0.0,0,300,300,0.25,0.1875,1.075,-1880.89,0.4538
586,6,library_small_bottom,0.25,0,87.0,300,0.25,0.1875,1.075,-1343.73,0.4491
587,6,library_small_bottom,0.75,0,147.33,300,0.25,0.1875,1.075,-745.27,0.4456
588,6,library_small_bottom,0.75,0,93.0,300,0.25,0.1875,1.075,-424.51,0.4429
589,6,library_small_bottom,0.5,0,74.5,300,0.25,0.1875,1.075,-807.98,0.4394
590,6,library_small_bottom,0.25,0,132.0,300,0.75,0.1875,1.225,-1393.3,0.4345
591,6,library_small_bottom,0.5,0,104.5,300,0.25,0.1875,1.075,-1024.12,0.4307
592,6,library_small_bottom,0.25,0,75.0,300,0.5,0.25,1.15,-1436.34,0.4261
593,6,library_small_bottom,0.75,0,116.33,300,0.25,0.1875,1.075,-582.43,0.423
594,6,library_small_bottom,0.75,0,90.33,300,0.25,0.1875,1.075,-548.47,0.4203
595,6,library_small_bottom,0.5,0,114.0,300,0.5,0.25,1.15,-925.27,0.4164
596,6,library_small_bottom,0.5,0,120.5,300,0.5,0.25,1.15,-1009.45,0.4124
597,6,library_small_bottom,0.75,0,92.0,300,0.25,0.1875,1.075,-483.71,0.4097
598,6,library_small_bottom,0.25,0,93.0,300,0.75,0.1875,1.225,-1413.14,0.405
599,6,library_small_bottom,0.5,0,43.5,300,0.5,0.25,1.15,-767.05,0.4018
600,6,library_small_bottom,0.75,0,74.67,300,0.25,0.1875,1.075,-419.64,0.3993
601,6,library_small_bottom,0.75,0,76.67,300,0.25,0.1875,1.075,-378.06,0.3968
602,6,library_small_bottom,0.75,0,109.0,300,0.25,0.1875,1.075,-494.31,0.3938
603,6,library_small_bottom,0.5,0,155.0,300,0.25,0.1875,1.075,-1204.47,0.3895
604,6,library_small_bottom,0.75,0,77.33,300,0.25,0.1875,1.075,-421.42,0.387
605,6,library_small_bottom,0.25,0,39.0,300,0.75,0.1875,1.225,-1258.44,0.3826
606,6,library_small_bottom,0.5,0,73.5,300,0.25,0.1875,1.075,-795.24,0.379
607,6,library_small_bottom,0.5,0,70.0,300,0.5,0.25,1.1499,-942.98,0.3756
608,6,library_small_bottom,0.5,0,86.5,300,0.4247,0.1917,1.1125,-926.38,0.3719
609,6,library_small_bottom,0.5,0,50.5,300,0.25,0.1875,1.075,-837.38,0.3686
610,6,library_small_bottom,0.75,0,42.0,300,0.235,0.1657,1.075,-252.59,0.3666
611,6,library_small_bottom,0.5,0,138.0,300,0.5,0.25,1.15,-1000.13,0.3624
612,6,library_small_bottom,0.5,0,91.0,300,0.37,0.1369,1.15,-764.6,0.3588
613,6,library_small_bottom,0.75,0,109.0,300,0.0,0.0,1.0,-526.86,0.3558
614,6,library_small_bottom,0.75,0,159.0,300,0.19,0.1083,1.0457,-659.2,0.3521
615,6,library_small_bottom,0.5,0,100.5,300,0.255,0.1851,1.0748,-883.29,0.3484
616,6,library_small_bottom,0.75,0,69.0,300,0.235,0.1657,1.075,-345.51,0.346
617,6,library_small_bottom,0.5,0,147.5,300,0.25,0.1875,1.0668,-932.38,0.3417
618,6,library_small_bottom,0.5,0,77.5,300,0.5,0.25,1.15,-874.99,0.3382
619,6,library_small_bottom,0.5,0,72.5,300,0.5,0.25,1.15,-885.78,0.3346
620,6,library_small_bottom,0.75,0,53.67,300,0.145,0.0631,1.0566,-294.01,0.3325
621,6,library_small_bottom,0.75,0,102.33,300,0.17,0.0867,1.0749,-406.44,0.3296
622,6,library_small_bottom,0.5,0,148.0,300,0.5,0.25,1.15,-968.1,0.3254
623,6,library_small_bottom,0.75,0,76.33,300,0.215,0.1387,1.0757,-350.51,0.3229
624,6,library_small_bottom,0.5,0,131.0,300,0.195,0.1141,1.0751,-953.59,0.3188
625,6,library_small_bottom,0.75,0,126.0,300,0.08,0.0192,1.0365,-465.2,0.3156
626,6,library_small_bottom,0.75,0,94.0,300,0.2,0.12,1.0743,-449.04,0.3128
627,6,library_small_bottom,0.5,0,59.0,300,0.1419,0.0535,1.0392,-750.42,0.3095
628,6,library_small_bottom,0.5,0,144.0,300,0.309,0.1001,1.1103,-924.91,0.3053
629,6,library_small_bottom,0.75,0,81.33,300,0.03,0.0027,1.0,-398.37,0.3027
630,6,library_small_bottom,0.75,0,73.0,300,0.0,0.0,1.0,-427.44,0.3002
631,6,library_small_bottom,0.75,0,54.0,300,0.015,0.0007,1.0002,-373.43,0.2981
632,6,library_small_bottom,0.75,0,76.67,300,0.225,0.1519,1.0671,-408.66,0.2956
633,6,library_small_bottom,0.75,0,100.0,300,0.055,0.0091,1.0,-490.51,0.2927
634,6,library_small_bottom,0.75,0,131.67,300,0.005,0.0001,1.0,-576.53,0.2894
635,6,library_small_bottom,1.0,1,93.0,194,0.0,0.0,1.0001,-37.76,0.2877
636,6,library_small_bottom,0.75,0,75.0,300,0.0,0.0,1.0,-436.51,0.2852
637,6,library_small_bottom,1.0,1,92.0,140,0.0,0.0,1.0,-41.33,0.2835
638,6,library_small_bottom,0.0,0,300,300,1.0,0.0,1.3,-1767.8,0.2778
639,6,library_small_bottom,0.75,0,62.33,300,0.0,0.0,1.0001,-363.4,0.2755
640,6,library_small_bottom,0.75,0,125.67,300,0.025,0.0019,1.0064,-534.68,0.2723
641,6,library_small_bottom,0.5,0,141.5,300,0.39,0.1649,1.1425,-931.46,0.2681
642,6,library_small_bottom,1.0,1,152.25,187,0.0,0.0,1.0,-217.48,0.2653
643,6,library_small_bottom,0.75,0,141.0,300,0.0,0.0,1.0,-567.61,0.2618
644,6,library_small_bottom,1.0,1,88.25,199,0.0,0.0,1.0,-6.24,0.2602
645,6,library_small_bottom,0.75,0,63.0,300,0.0,0.0,1.0,-397.84,0.2579
646,6,library_small_bottom,0.5,0,75.5,300,0.0439,0.0026,1.0063,-844.21,0.2543
647,6,library_small_bottom,0.75,0,92.0,300,0.0,0.0,1.0,-485.3,0.2516
648,6,library_small_bottom,0.75,0,79.33,300,0.0,0.0,1.0,-450.1,0.2491
649,6,library_small_bottom,0.75,0,81.67,300,0.0,0.0,1.0,-380.62,0.2465
650,6,library_small_bottom,0.75,0,129.67,300,0.0,0.0,1.0,-506.96,0.2432
651,6,library_small_bottom,0.75,0,143.67,300,0.0,0.0,1.0,-607.64,0.2398
652,6,library_small_bottom,1.0,1,93.75,201,0.0,0.0,1.0,-39.68,0.238
653,6,library_small_bottom,1.0,1,83.75,112,0.0,0.0,1.0,92.41,0.2364
654,6,library_small_bottom,1.0,1,90.5,174,0.0,0.0,1.0,27.08,0.2347
655,6,library_small_bottom,1.0,1,107.75,223,0.0,0.0,1.0,-56.62,0.2327
656,6,library_small_bottom,1.0,1,86.0,158,0.0,0.0,1.0,92.1,0.2311
657,6,library_small_bottom,1.0,1,93.25,167,0.0,0.0,1.0,83.94,0.2293
658,6,library_small_bottom,1.0,1,98.0,181,0.0,0.0,1.0,-38.05,0.2274
659,7,library_medium,0.3333,0,247.0,400,0.0,0.0,1.0,-2894.89,0.696
660,7,library_medium,0.5,0,167.67,400,0.0,0.0,1.0,-2396.87,0.6927
661,7,library_medium,0.5,0,119.33,400,0.0,0.0,1.0,-2066.76,0.6898
662,7,library_medium,0.1667,0,4.0,400,0.0233,0.0027,1.0066,-2917.21,0.6859
663,7,library_medium,0.5,0,109.67,400,0.0,0.0,1.0,-1939.38,0.683
664,7,library_medium,0.5,0,121.33,400,0.03,0.0045,1.0108,-2096.14,0.68
665,7,library_medium,0.5,0,194.33,400,0.0367,0.0067,1.0162,-2213.75,0.6766
666,7,library_medium,0.3333,0,109.5,400,0.0,0.0,1.0,-2688.21,0.6731
667,7,library_medium,0.5,0,163.33,400,0.0667,0.0222,1.0278,-2317.48,0.6699
668,7,library_medium,0.3333,0,104.0,400,0.0667,0.0222,1.0267,-2456.23,0.6664
669,7,library_medium,0.5,0,186.33,400,0.0,0.0,1.0,-2283.41,0.6631
670,7,library_medium,0.3333,0,334.0,400,0.1667,0.1389,1.05,-3266.26,0.6588
671,7,library_medium,0.5,0,129.33,400,0.1533,0.1176,1.0493,-2075.65,0.6557
672,7,library_medium,0.6667,0,96.75,400,0.0,0.0,1.0,-1371.65,0.6534
673,7,library_medium,0.5,0,85.0,400,0.1,0.05,1.0168,-1850.19,0.6507
674,7,library_medium,0.6667,0,103.0,400,0.0,0.0,1.0,-1401.89,0.6483
675,7,library_medium,0.6667,0,146.5,400,0.0633,0.0201,1.0265,-1629.66,0.6457
676,7,library_medium,0.6667,0,146.5,400,0.0,0.0,1.0007,-1561.48,0.643
677,7,library_medium,0.8333,0,69.8,400,0.0,0.0,1.0,-716.53,0.6416
678,7,library_medium,0.8333,0,92.0,400,0.0533,0.0142,1.0257,-904.26,0.64
679,7,library_medium,1.0,1,198.83,383,0.0,0.0,1.0003,-1095.09,0.6377
680,7,library_medium,1.0,1,102.0,263,0.0,0.0,1.0,-312.64,0.6365
681,7,library_medium,1.0,1,119.5,268,0.0467,0.0109,1.0255,-460.44,0.6351
682,7,library_medium,0.8333,0,104.4,400,0.0,0.0,1.0,-892.19,0.6334
683,7,library_medium,0.8333,0,227.0,400,0.0,0.0,1.0,-1624.77,0.6304
684,7,library_medium,0.8333,0,77.0,400,0.0433,0.0094,1.0254,-731.49,0.629
685,7,library_medium,1.0,1,140.0,313,0.0,0.0,1.0001,-619.39,0.6273
686,7,library_medium,0.8333,0,76.2,400,0.0,0.0,1.0,-676.82,0.6259
687,7,library_medium,0.8333,0,91.4,400,0.0,0.0,1.0002,-811.16,0.6242
688,7,library_medium,0.6667,0,92.5,400,0.0133,0.0009,1.0034,-1532.19,0.622
689,7,library_medium,0.8333,0,174.8,400,0.0,0.0,1.0,-1383.4,0.6195
690,7,library_medium,0.8333,0,117.4,400,0.05,0.0125,1.0256,-1009.61,0.6177
691,7,library_medium,1.0,1,109.17,295,0.0633,0.0201,1.0264,-324.81,0.6164
692,7,library_medium,0.8333,0,66.0,400,0.0633,0.0201,1.0264,-653.6,0.615
693,7,library_medium,1.0,1,122.67,200,0.0693,0.024,1.0278,-407.72,0.6136
694,7,library_medium,0.8333,0,112.4,400,0.0,0.0,1.0,-799.77,0.6118
695,7,library_medium,1.0,1,159.17,356,0.0599,0.0179,1.0261,-907.79,0.6099
696,7,library_medium,1.0,1,173.5,372,0.04,0.008,1.0203,-873.41,0.6079
697,7,library_medium,0.8333,0,97.8,400,0.0867,0.0162,1.0387,-946.45,0.6062
698,7,library_medium,1.0,1,133.33,311,0.0,0.0,1.0,-540.23,0.6047
699,8,hazard_corridor_small,0.75,0,76.0,350,0.2,0.12,1.0687,-566.39,0.6978
700,8,hazard_corridor_small,1.0,1,157.0,348,0.0,0.0,1.0,-522.84,0.6953
701,8,hazard_corridor_small,1.0,1,141.5,242,0.23,0.1587,1.075,-515.16,0.6931
702,8,hazard_corridor_small,0.75,0,143.33,350,0.22,0.1452,1.075,-997.7,0.69
703,8,hazard_corridor_small,1.0,1,100.0,195,0.465,0.2163,1.1499,-335.55,0.6885
704,8,hazard_corridor_small,0.75,0,48.67,350,0.0,0.0,1.0,-526.84,0.6865
705,8,hazard_corridor_small,0.5,0,126.5,350,0.22,0.1452,1.075,-1480.21,0.6828
706,8,hazard_corridor_small,1.0,1,100.0,207,0.415,0.1783,1.1436,-206.98,0.6813
707,8,hazard_corridor_small,1.0,1,126.5,246,0.415,0.1807,1.1497,-412.07,0.6793
708,8,hazard_corridor_small,0.75,0,85.0,350,0.0,0.0,1.0,-695.6,0.6769
709,8,hazard_corridor_small,0.75,0,61.33,350,0.23,0.1587,1.075,-667.01,0.6749
710,8,hazard_corridor_small,1.0,1,54.75,122,0.11,0.0363,1.0415,-1.93,0.674
711,8,hazard_corridor_small,0.75,0,130.67,350,0.275,0.1597,1.0848,-955.42,0.6711
712,8,hazard_corridor_small,0.75,0,31.67,350,0.14,0.0588,1.0343,-389.24,0.6694
713,8,hazard_corridor_small,1.0,1,115.0,308,0.39,0.1553,1.1376,-363.6,0.6676
714,8,hazard_corridor_small,0.75,0,66.0,350,0.0,0.0,1.0,-555.19,0.6654
715,8,hazard_corridor_small,1.0,1,76.75,173,0.125,0.0469,1.046,-40.31,0.6642
716,8,hazard_corridor_small,0.75,0,49.67,350,0.235,0.1657,1.0737,-540.6,0.6623
717,8,hazard_corridor_small,1.0,1,57.25,145,0.275,0.1441,1.075,-34.35,0.6614
718,8,hazard_corridor_small,1.0,1,91.5,124,0.41,0.1753,1.1499,-135.91,0.66
719,8,hazard_corridor_small,0.75,0,54.0,350,0.455,0.2075,1.1496,-507.85,0.658
720,8,hazard_corridor_small,0.5,0,78.5,350,0.14,0.0588,1.0529,-1247.2,0.6546
721,8,hazard_corridor_small,1.0,1,58.25,165,0.11,0.0363,1.0325,36.01,0.6537
722,8,hazard_corridor_small,1.0,1,69.5,132,0.23,0.1587,1.075,-56.71,0.6526
723,8,hazard_corridor_small,0.5,0,109.0,350,0.195,0.1141,1.0447,-1117.65,0.6491
724,8,hazard_corridor_small,0.75,0,99.0,350,0.0,0.0,1.0,-688.87,0.6465
725,8,hazard_corridor_small,1.0,1,80.25,164,0.225,0.1519,1.075,-86.01,0.6453
726,8,hazard_corridor_small,1.0,1,108.5,218,0.195,0.1141,1.075,-250.37,0.6436
727,8,hazard_corridor_small,1.0,1,139.5,261,0.36,0.1424,1.1279,-497.05,0.6414
728,8,hazard_corridor_small,1.0,1,107.75,245,0.536,0.1192,1.1652,-305.78,0.6397
729,9,hazard_near_exit_small,1.0,1,116.0,237,0.0,0.0,1.0,-380.76,0.5994
730,9,hazard_near_exit_small,1.0,1,106.0,204,0.0,0.0,1.0,-316.54,0.5988
731,9,hazard_near_exit_small,1.0,1,111.17,192,0.0,0.0,1.0,-330.47,0.5982
732,9,hazard_near_exit_small,1.0,1,106.5,177,0.1667,0.1389,1.05,-484.95,0.5976
733,9,hazard_near_exit_small,1.0,1,80.83,146,0.0,0.0,1.0,-104.41,0.5971
734,9,hazard_near_exit_small,1.0,1,83.17,193,0.0,0.0,1.0,-103.44,0.5967
735,9,hazard_near_exit_small,1.0,1,89.83,205,0.0,0.0,1.0,-182.17,0.5962
736,9,hazard_near_exit_small,1.0,1,90.83,187,0.0,0.0,1.0,-187.7,0.5957
737,9,hazard_near_exit_small,1.0,1,77.17,144,0.0,0.0,1.0,-60.76,0.5953
738,9,hazard_near_exit_small,1.0,1,75.33,165,0.0,0.0,1.0,-62.77,0.5948
739,9,hazard_near_exit_small,1.0,1,99.17,168,0.0,0.0,1.0,-235.61,0.5943
740,9,hazard_near_exit_small,1.0,1,88.33,141,0.0,0.0,1.0,-150.26,0.5938
741,9,hazard_near_exit_small,1.0,1,113.33,209,0.0,0.0,1.0,-362.89,0.5932
742,9,hazard_near_exit_small,1.0,1,92.67,176,0.0,0.0,1.0,-213.77,0.5927
743,9,hazard_near_exit_small,1.0,1,74.5,122,0.1667,0.1389,1.05,-138.82,0.5923
744,9,hazard_near_exit_small,1.0,1,82.33,187,0.0,0.0,1.0,-105.07,0.5918
745,9,hazard_near_exit_small,1.0,1,85.67,156,0.0,0.0,1.0,-141.06,0.5914
746,9,hazard_near_exit_small,1.0,1,117.5,182,0.0,0.0,1.0,-408.48,0.5907
747,9,hazard_near_exit_small,1.0,1,97.17,153,0.0,0.0,1.0,-194.56,0.5902
748,9,hazard_near_exit_small,1.0,1,96.17,186,0.0,0.0,1.0,-210.32,0.5896
749,9,hazard_near_exit_small,1.0,1,105.33,163,0.0,0.0,1.0,-295.91,0.5891
750,9,hazard_near_exit_small,1.0,1,79.33,180,0.0,0.0,1.0,-92.54,0.5886
751,9,hazard_near_exit_small,1.0,1,83.67,162,0.0,0.0,1.0,-115.28,0.5882
752,9,hazard_near_exit_small,1.0,1,84.5,151,0.0,0.0,1.0,-93.48,0.5877
753,9,hazard_near_exit_small,1.0,1,74.33,146,0.0,0.0,1.0,-51.17,0.5873
754,9,hazard_near_exit_small,1.0,1,80.0,172,0.0,0.0,1.0,-96.72,0.5869
755,9,hazard_near_exit_small,1.0,1,100.17,186,0.0,0.0,1.0,-242.13,0.5863
756,9,hazard_near_exit_small,1.0,1,68.0,139,0.0,0.0,1.0,8.47,0.5859
757,9,hazard_near_exit_small,1.0,1,106.0,190,0.0,0.0,1.0,-266.68,0.5853
758,9,hazard_near_exit_small,1.0,1,111.33,223,0.0,0.0,1.0,-335.34,0.5847
759,10,school_floor,0.0,0,400,400,0.0,0.0,1.0,-4296.58,0.5977
760,10,school_floor,0.25,0,130.0,400,0.0,0.0,1.0,-3559.28,0.5958
761,10,school_floor,0.25,0,219.5,400,0.0,0.0,1.0,-3832.31,0.5937
762,10,school_floor,0.0,0,400,400,0.0,0.0,1.0,-4515.11,0.5914
763,10,school_floor,0.125,0,380.0,400,0.0,0.0,1.0,-4390.91,0.5891
764,10,school_floor,0.25,0,63.5,400,0.0,0.0,1.0,-3319.76,0.5873
765,10,school_floor,0.0,0,400,400,0.015,0.0016,1.004,-4768.92,0.585
766,10,school_floor,0.125,0,62.0,400,0.0,0.0,1.0,-4078.41,0.5829
767,10,school_floor,0.25,0,280.5,400,0.0,0.0,1.0,-3900.5,0.5808
768,10,school_floor,0.125,0,48.0,400,0.0,0.0,1.0,-3988.38,0.5787
769,10,school_floor,0.125,0,221.0,400,0.0,0.0,1.0,-4153.05,0.5765
770,10,school_floor,0.125,0,63.0,400,0.0,0.0,1.0,-3889.03,0.5745
771,10,school_floor,0.375,0,177.67,400,0.0,0.0,1.0,-3370.45,0.5726
772,10,school_floor,0.125,0,31.0,400,0.0,0.0,1.0,-3846.19,0.5706
773,10,school_floor,0.5,0,248.5,400,0.0,0.0,1.0,-3223.78,0.5687
774,10,school_floor,0.125,0,104.0,400,0.0,0.0,1.0,-3954.67,0.5666
775,10,school_floor,0.5,0,128.5,400,0.0,0.0,1.0,-2534.0,0.5651
776,10,school_floor,0.375,0,264.33,400,0.0,0.0,1.0,-3401.79,0.5631
777,10,school_floor,0.875,0,208.14,400,0.0,0.0,1.0,-1696.32,0.5617
778,10,school_floor,0.75,0,222.33,400,0.0,0.0,1.0,-2137.5,0.5602
779,10,school_floor,0.5,0,204.0,400,0.0,0.0,1.0,-2834.34,0.5584
780,10,school_floor,0.625,0,191.2,400,0.0,0.0,1.0,-2503.77,0.5569
781,10,school_floor,0.875,0,153.0,400,0.0,0.0,1.0,-1269.26,0.5558
782,10,school_floor,0.875,0,253.14,400,0.0,0.0,1.0,-2146.82,0.5543
783,10,school_floor,0.625,0,114.4,400,0.0,0.0,1.0,-2009.66,0.553
784,10,school_floor,0.625,0,186.4,400,0.0,0.0,1.0,-2450.08,0.5514
785,10,school_floor,0.5,0,180.75,400,0.0,0.0,1.0,-2837.57,0.5498
786,10,school_floor,0.375,0,254.67,400,0.0,0.0,1.0,-3344.34,0.5478
787,10,school_floor,0.75,0,185.33,400,0.0,0.0,1.0,-1859.33,0.5464
788,10,school_floor,0.75,0,191.0,400,0.0,0.0,1.0,-1953.82,0.545
789,10,school_floor,0.75,0,209.33,400,0.0,0.0,1.0,-2019.52,0.5435
790,10,school_floor,0.875,0,267.71,400,0.0,0.0,1.0,-2320.19,0.5419
791,10,school_floor,1.0,1,159.38,287,0.0,0.0,1.0,-786.02,0.5409
792,10,school_floor,0.5,0,174.5,400,0.095,0.0632,1.0375,-2965.9,0.5393
793,10,school_floor,0.75,0,214.5,400,0.0,0.0,1.0005,-2076.07,0.5378
794,10,school_floor,0.875,0,195.14,400,0.0,0.0,1.0,-1583.95,0.5365
795,10,school_floor,0.75,0,182.33,400,0.0,0.0,1.0,-1988.99,0.5351
796,10,school_floor,1.0,1,170.25,301,0.0,0.0,1.0,-933.41,0.5341
797,10,school_floor,0.875,0,184.43,400,0.0,0.0,1.0,-1343.58,0.5329
798,10,school_floor,0.75,0,220.33,400,0.0,0.0,1.0,-2078.56,0.5314
799,10,school_floor,0.875,0,197.43,400,0.0,0.0,1.0,-1523.42,0.5301
800,10,school_floor,1.0,1,203.0,348,0.0,0.0,1.0,-1085.54,0.5289
801,10,school_floor,0.875,0,183.14,400,0.0,0.0,1.0,-1588.84,0.5277
802,10,school_floor,1.0,1,228.0,388,0.0,0.0,1.0,-1389.76,0.5264
803,10,school_floor,1.0,1,187.12,319,0.0,0.0,1.0,-995.03,0.5253
804,10,school_floor,0.875,0,207.71,400,0.0,0.0,1.0,-1632.72,0.524
805,10,school_floor,0.75,0,143.33,400,0.0,0.0,1.0,-1507.63,0.5228
806,10,school_floor,0.75,0,179.83,400,0.0,0.0,1.0,-1793.34,0.5214
807,10,school_floor,0.75,0,213.83,400,0.0,0.0,1.0,-1986.77,0.5199
808,10,school_floor,0.875,0,223.14,400,0.0,0.0,1.0,-1781.51,0.5185
809,10,school_floor,0.875,0,191.0,400,0.0,0.0,1.0,-1353.15,0.5172
810,10,school_floor,0.875,0,179.29,400,0.0,0.0,1.0,-1487.28,0.516
811,11,office_wing_medium,0.1,0,258.0,400,0.254,0.1646,1.0799,-5479.2,0.4982
812,11,office_wing_medium,0.3,0,168.33,400,0.0,0.0,1.0001,-4782.7,0.4966
813,11,office_wing_medium,0.2,0,213.0,400,0.0692,0.0333,1.027,-5104.88,0.4949
814,11,office_wing_medium,0.3,0,199.0,400,0.05,0.0225,1.0181,-4574.33,0.4933
815,11,office_wing_medium,0.4,0,181.75,400,0.2021,0.0776,1.0837,-3948.8,0.4918
816,11,office_wing_medium,0.6,0,144.67,400,0.1502,0.0363,1.0594,-2900.61,0.4907
817,11,office_wing_medium,0.6,0,115.17,400,0.036,0.0117,1.0158,-2752.46,0.4896
818,11,office_wing_medium,0.5,0,143.0,400,0.0385,0.013,1.015,-3506.94,0.4883
819,11,office_wing_medium,0.4,0,177.5,400,0.0,0.0,1.0002,-3850.16,0.4868
820,11,office_wing_medium,0.3,0,229.0,400,0.15,0.1025,1.0452,-4474.39,0.4852
821,11,office_wing_medium,0.5,0,188.6,400,0.1386,0.0926,1.0454,-3630.49,0.4838
822,11,office_wing_medium,0.6,0,180.17,400,0.052,0.0173,1.0187,-2915.1,0.4825
823,11,office_wing_medium,0.4,0,191.25,400,0.382,0.2194,1.1202,-4039.09,0.481
824,11,office_wing_medium,0.5,0,180.2,400,0.138,0.0793,1.0508,-3572.65,0.4796
825,11,office_wing_medium,0.6,0,173.83,400,0.1,0.0451,1.0311,-2912.2,0.4784
826,11,office_wing_medium,0.6,0,195.5,400,0.352,0.1106,1.1348,-3111.77,0.4771
827,11,office_wing_medium,0.6,0,186.17,400,0.4414,0.1755,1.1506,-2921.54,0.4758
828,11,office_wing_medium,0.7,0,196.0,400,0.35,0.1024,1.1307,-2798.66,0.4746
829,11,office_wing_medium,0.7,0,128.71,400,0.17,0.0563,1.0773,-2222.13,0.4736
830,11,office_wing_medium,0.7,0,133.86,400,0.0993,0.0347,1.0342,-2253.94,0.4726
831,11,office_wing_medium,0.7,0,142.14,400,0.1735,0.0493,1.0666,-2275.77,0.4715
832,11,office_wing_medium,0.9,0,163.89,400,0.2501,0.0708,1.1069,-1333.75,0.4707
833,11,office_wing_medium,0.6,0,190.17,400,0.182,0.0498,1.0677,-3219.83,0.4694
834,11,office_wing_medium,0.7,0,246.86,400,0.13,0.0328,1.0538,-3071.5,0.468
835,11,office_wing_medium,0.5,0,153.2,400,0.0625,0.0107,1.0263,-3422.27,0.4667
836,11,office_wing_medium,0.9,0,180.33,400,0.087,0.0146,1.0361,-1423.54,0.4657
837,11,office_wing_medium,0.7,0,176.29,400,0.1977,0.0425,1.0675,-2486.47,0.4646
838,11,office_wing_medium,0.7,0,156.0,400,0.086,0.018,1.0407,-2518.83,0.4635
839,11,office_wing_medium,0.7,0,165.43,400,0.1547,0.042,1.0688,-2456.94,0.4624
840,11,office_wing_medium,0.8,0,164.88,400,0.178,0.0992,1.062,-2078.11,0.4614
841,11,office_wing_medium,0.6,0,142.5,400,0.078,0.0245,1.0319,-2695.03,0.4602
842,11,office_wing_medium,0.7,0,157.29,400,0.116,0.0797,1.0397,-2370.75,0.4591
843,11,office_wing_medium,0.7,0,156.71,400,0.0616,0.0242,1.0224,-2303.43,0.458
844,11,office_wing_medium,0.8,0,170.5,400,0.2933,0.1158,1.0986,-1937.85,0.457
845,11,office_wing_medium,0.6,0,107.83,400,0.093,0.022,1.0251,-2551.13,0.4559
846,11,office_wing_medium,0.7,0,193.14,400,0.15,0.0364,1.0612,-2623.7,0.4547
847,11,office_wing_medium,0.8,0,193.75,400,0.084,0.0181,1.0374,-2251.62,0.4536
848,11,office_wing_medium,0.6,0,161.67,400,0.218,0.1557,1.06,-2933.86,0.4524
849,11,office_wing_medium,0.7,0,176.43,400,0.313,0.1083,1.1095,-2327.1,0.4513
850,11,office_wing_medium,0.8,0,176.38,400,0.0728,0.014,1.0305,-2177.06,0.4502
851,11,office_wing_medium,0.8,0,213.62,400,0.146,0.0431,1.0647,-2262.25,0.449
852,11,office_wing_medium,0.7,0,138.14,400,0.077,0.0222,1.0328,-2150.17,0.448
853,11,office_wing_medium,0.5,0,152.6,400,0.23,0.135,1.0785,-3193.17,0.4467
854,11,office_wing_medium,0.7,0,182.86,400,0.106,0.0387,1.043,-2394.16,0.4455
855,11,office_wing_medium,0.8,0,169.88,400,0.1346,0.0425,1.0496,-1940.21,0.4445
856,11,office_wing_medium,0.9,0,163.89,400,0.1272,0.0226,1.056,-1316.36,0.4436
857,11,office_wing_medium,0.8,0,168.12,400,0.133,0.0516,1.0521,-1952.05,0.4426
858,11,office_wing_medium,0.9,0,145.22,400,0.082,0.0357,1.0348,-1242.61,0.4418
859,11,office_wing_medium,0.9,0,119.11,400,0.107,0.0286,1.0446,-938.8,0.4411
860,11,office_wing_medium,0.8,0,165.38,400,0.104,0.0256,1.047,-1951.97,0.4401
861,11,office_wing_medium,0.9,0,192.44,400,0.098,0.0266,1.0376,-1575.78,0.4391
862,11,office_wing_medium,0.8,0,127.12,400,0.2498,0.0946,1.0831,-1598.32,0.4382
863,11,office_wing_medium,0.8,0,140.5,400,0.2766,0.109,1.0986,-1630.58,0.4373
864,11,office_wing_medium,0.9,0,187.0,400,0.1361,0.0469,1.0507,-1736.34,0.4363
865,11,office_wing_medium,0.9,0,187.89,400,0.142,0.0506,1.0565,-1591.14,0.4353
866,11,office_wing_medium,0.8,0,131.12,400,0.1525,0.0493,1.0569,-1450.78,0.4345
867,11,office_wing_medium,1.0,1,234.1,361,0.0704,0.0302,1.0259,-1734.5,0.4334
868,11,office_wing_medium,1.0,1,149.8,290,0.1285,0.0393,1.0504,-753.56,0.4327
869,11,office_wing_medium,0.9,0,182.56,400,0.072,0.0208,1.0315,-1483.05,0.4317
870,11,office_wing_medium,1.0,1,176.8,322,0.118,0.0453,1.0471,-926.32,0.4309
871,11,office_wing_medium,1.0,1,141.1,328,0.1169,0.0264,1.037,-623.35,0.4302
872,12,hazard_near_exit_medium,0.3,0,46.33,420,0.024,0.0052,1.0,-4687.77,0.4986
873,12,hazard_near_exit_medium,0.5,0,141.2,420,0.0,0.0,1.0,-4010.36,0.4974
874,12,hazard_near_exit_medium,0.4,0,114.0,420,0.1109,0.0401,1.0512,-3939.52,0.496
875,12,hazard_near_exit_medium,0.5,0,145.0,420,0.062,0.0346,1.0174,-3553.24,0.4947
876,12,hazard_near_exit_medium,0.4,0,48.75,420,0.1,0.09,1.0275,-3697.75,0.4935
877,12,hazard_near_exit_medium,0.4,0,86.5,420,0.284,0.1899,1.0787,-3754.45,0.4922
878,12,hazard_near_exit_medium,0.5,0,113.6,420,0.14,0.0755,1.0428,-3303.42,0.491
879,12,hazard_near_exit_medium,0.4,0,157.0,420,0.3,0.21,1.09,-4288.81,0.4896
880,12,hazard_near_exit_medium,0.7,0,176.86,420,0.4,0.24,1.12,-3210.25,0.4885
881,12,hazard_near_exit_medium,0.5,0,103.4,420,0.2,0.16,1.06,-3252.11,0.4873
882,12,hazard_near_exit_medium,0.4,0,124.75,420,0.25,0.1625,1.0652,-3814.4,0.4859
883,12,hazard_near_exit_medium,0.6,0,117.67,420,0.3,0.21,1.09,-3114.16,0.4849
884,12,hazard_near_exit_medium,0.4,0,148.75,420,0.4,0.24,1.12,-4280.76,0.4835
885,12,hazard_near_exit_medium,0.4,0,123.5,420,0.486,0.2378,1.1469,-4093.68,0.4821
886,12,hazard_near_exit_medium,0.6,0,134.67,420,0.3,0.21,1.0899,-3036.5,0.481
887,12,hazard_near_exit_medium,0.5,0,88.4,420,0.306,0.1843,1.095,-3520.87,0.4798
888,12,hazard_near_exit_medium,0.5,0,113.6,420,0.1,0.09,1.03,-3468.92,0.4786
889,12,hazard_near_exit_medium,0.7,0,144.86,420,0.322,0.164,1.117,-2734.8,0.4776
890,12,hazard_near_exit_medium,0.5,0,159.2,420,0.472,0.2259,1.1499,-3947.25,0.4763
891,12,hazard_near_exit_medium,0.5,0,186.8,420,0.238,0.1276,1.0805,-3912.84,0.475
892,12,hazard_near_exit_medium,0.6,0,118.33,420,0.202,0.1184,1.0624,-2792.16,0.4739
893,12,hazard_near_exit_medium,0.7,0,133.71,420,0.356,0.2046,1.1111,-2466.6,0.4729
894,12,hazard_near_exit_medium,0.7,0,183.29,420,0.3,0.21,1.09,-3021.65,0.4717
895,12,hazard_near_exit_medium,0.6,0,222.5,420,0.3508,0.1806,1.1213,-3788.74,0.4704
896,12,hazard_near_exit_medium,0.7,0,179.0,420,0.272,0.1779,1.09,-2712.18,0.4693
897,12,hazard_near_exit_medium,0.5,0,160.0,420,0.294,0.2019,1.09,-3737.24,0.468
898,12,hazard_near_exit_medium,0.6,0,173.17,420,0.2,0.16,1.06,-3224.54,0.4667
899,12,hazard_near_exit_medium,0.6,0,171.83,420,0.3,0.21,1.09,-3608.16,0.4655
900,12,hazard_near_exit_medium,0.6,0,157.33,420,0.3,0.21,1.0899,-2821.96,0.4643
901,12,hazard_near_exit_medium,0.7,0,169.0,420,0.0,0.0,1.0,-2516.5,0.4632
902,12,hazard_near_exit_medium,0.8,0,167.25,420,0.1,0.09,1.03,-2050.05,0.4622
903,12,hazard_near_exit_medium,0.7,0,117.29,420,0.0,0.0,1.0,-2080.41,0.4613
904,12,hazard_near_exit_medium,0.9,0,180.44,420,0.0,0.0,1.0,-1553.0,0.4604
905,12,hazard_near_exit_medium,0.7,0,170.71,420,0.0,0.0,1.0,-2424.07,0.4593
906,12,hazard_near_exit_medium,0.9,0,142.22,420,0.0,0.0,1.0,-1096.77,0.4585
907,12,hazard_near_exit_medium,0.8,0,136.88,420,0.0,0.0,1.0,-1626.11,0.4576
908,12,hazard_near_exit_medium,0.7,0,162.43,420,0.0,0.0,1.0,-2752.84,0.4566
909,12,hazard_near_exit_medium,0.7,0,163.29,420,0.0,0.0,1.0,-2647.17,0.4555
910,12,hazard_near_exit_medium,0.7,0,112.57,420,0.0,0.0,1.0,-2017.47,0.4546
911,12,hazard_near_exit_medium,0.7,0,146.14,420,0.0,0.0,1.0,-2498.72,0.4535
912,12,hazard_near_exit_medium,0.5,0,189.4,420,0.0,0.0,1.0,-3586.27,0.4522
913,12,hazard_near_exit_medium,0.6,0,192.67,420,0.0,0.0,1.0,-3214.47,0.4509
914,12,hazard_near_exit_medium,0.8,0,158.88,420,0.0,0.0,1.0,-1886.76,0.4499
915,12,hazard_near_exit_medium,0.6,0,210.67,420,0.0,0.0,1.0,-3248.39,0.4486
916,12,hazard_near_exit_medium,0.8,0,145.25,420,0.0,0.0,1.0,-1742.5,0.4477
917,12,hazard_near_exit_medium,0.7,0,159.14,420,0.0,0.0,1.0,-2350.84,0.4466
918,12,hazard_near_exit_medium,0.7,0,133.14,420,0.0,0.0,1.0,-2029.72,0.4457
919,12,hazard_near_exit_medium,0.8,0,152.75,420,0.0,0.0,1.0,-1760.84,0.4447
920,12,hazard_near_exit_medium,0.8,0,147.62,420,0.0,0.0,1.0,-1820.49,0.4438
921,12,hazard_near_exit_medium,0.9,0,155.22,420,0.0,0.0,1.0,-1472.14,0.443
922,12,hazard_near_exit_medium,0.8,0,191.12,420,0.0,0.0,1.0,-2183.4,0.4419
923,12,hazard_near_exit_medium,0.9,0,160.56,420,0.0,0.0,1.0,-1400.98,0.4411
924,12,hazard_near_exit_medium,0.7,0,135.86,420,0.0,0.0,1.0,-2257.27,0.4401
925,12,hazard_near_exit_medium,0.8,0,228.5,420,0.1,0.09,1.03,-2693.23,0.4389
926,12,hazard_near_exit_medium,0.9,0,195.0,420,0.1,0.09,1.03,-1780.97,0.4379
927,12,hazard_near_exit_medium,0.9,0,193.78,420,0.2,0.16,1.06,-1872.0,0.4369
928,12,hazard_near_exit_medium,0.7,0,151.14,420,0.1,0.09,1.03,-2344.9,0.4359
929,12,hazard_near_exit_medium,0.9,0,200.11,420,0.2,0.16,1.06,-2022.86,0.4349
930,12,hazard_near_exit_medium,0.9,0,200.44,420,0.1,0.09,1.03,-1883.5,0.4339
931,12,hazard_near_exit_medium,1.0,1,196.7,408,0.0,0.0,1.0,-1368.4,0.433
932,12,hazard_near_exit_medium,1.0,1,161.4,376,0.1,0.09,1.03,-1030.74,0.4323
933,12,hazard_near_exit_medium,0.8,0,176.62,420,0.1,0.09,1.03,-2015.67,0.4313
934,12,hazard_near_exit_medium,0.9,0,142.78,420,0.1,0.09,1.03,-1378.08,0.4305
935,12,hazard_near_exit_medium,0.9,0,187.89,420,0.2,0.16,1.06,-1770.46,0.4296
936,12,hazard_near_exit_medium,0.8,0,149.12,420,0.3,0.21,1.09,-1984.44,0.4286
937,12,hazard_near_exit_medium,0.8,0,190.25,420,0.078,0.0548,1.03,-1943.28,0.4276
938,12,hazard_near_exit_medium,0.8,0,167.25,420,0.1,0.09,1.03,-1977.42,0.4266
939,12,hazard_near_exit_medium,0.9,0,185.22,420,0.1,0.09,1.03,-1794.71,0.4257
940,13,bridge_open_medium,1.0,1,105.45,233,0.0,0.0,1.0,-437.16,0.4496
941,13,bridge_open_medium,1.0,1,108.91,226,0.0,0.0,1.0,-489.69,0.4492
942,13,bridge_open_medium,1.0,1,109.09,339,0.0,0.0,1.0,-533.33,0.4488
943,13,bridge_open_medium,1.0,1,118.18,232,0.0,0.0,1.0,-610.12,0.4483
944,13,bridge_open_medium,1.0,1,115.91,249,0.0,0.0,1.0,-631.19,0.4479
945,13,bridge_open_medium,1.0,1,110.91,256,0.0,0.0,1.0,-524.4,0.4475
946,13,bridge_open_medium,1.0,1,103.55,293,0.0,0.0,1.0,-399.61,0.4471
947,13,bridge_open_medium,1.0,1,89.82,273,0.0,0.0,1.0,-228.69,0.4467
948,13,bridge_open_medium,0.9091,0,97.5,400,0.0,0.0,1.0,-861.51,0.4463
949,13,bridge_open_medium,0.9091,0,111.5,400,0.0,0.0,1.0,-1078.07,0.4457
950,13,bridge_open_medium,1.0,1,99.18,196,0.0,0.0,1.0,-367.6,0.4454
951,13,bridge_open_medium,1.0,1,99.55,212,0.0,0.0,1.0,-346.85,0.445
952,13,bridge_open_medium,0.9091,0,99.9,400,0.0,0.0,1.0,-860.08,0.4445
953,13,bridge_open_medium,1.0,1,101.09,203,0.0,0.0,1.0,-365.37,0.4441
954,13,bridge_open_medium,1.0,1,99.36,224,0.0,0.0,1.0,-267.85,0.4437
955,13,bridge_open_medium,1.0,1,83.82,198,0.0,0.0,1.0,-149.96,0.4434
956,13,bridge_open_medium,1.0,1,78.55,175,0.0,0.0,1.0,-12.79,0.4431
957,13,bridge_open_medium,1.0,1,93.73,213,0.0,0.0,1.0,-303.18,0.4428
958,13,bridge_open_medium,1.0,1,77.18,185,0.0,0.0,1.0,-33.61,0.4425
959,13,bridge_open_medium,1.0,1,75.91,154,0.0,0.0,1.0,25.79,0.4422
960,13,bridge_open_medium,1.0,1,76.55,190,0.0,0.0,1.0,-45.39,0.4419
961,13,bridge_open_medium,1.0,1,84.36,205,0.0,0.0,1.0,-100.93,0.4416
962,13,bridge_open_medium,1.0,1,114.64,399,0.0,0.0,1.0,-585.89,0.4411
963,13,bridge_open_medium,1.0,1,90.0,244,0.0,0.0,1.0,-164.33,0.4408
964,13,bridge_open_medium,1.0,1,112.09,321,0.0,0.0,1.0,-542.83,0.4404
965,13,bridge_open_medium,1.0,1,93.55,191,0.0,0.0,1.0,-216.98,0.44
966,13,bridge_open_medium,1.0,1,97.36,196,0.0,0.0,1.0,-278.36,0.4397
967,13,bridge_open_medium,1.0,1,93.45,261,0.0,0.0,1.0,-216.97,0.4393
968,13,bridge_open_medium,1.0,1,81.45,160,0.0,0.0,1.0,-91.03,0.439
969,13,bridge_open_medium,1.0,1,69.36,154,0.0,0.0,1.0,73.23,0.4387
970,14,bridge_corridor_medium,0.1818,0,41.5,400,0.0,0.0,1.0,-5480.67,0.4487
971,14,bridge_corridor_medium,0.1818,0,43.0,400,0.0,0.0,1.0,-5550.29,0.4475
972,14,bridge_corridor_medium,0.0909,0,31.0,400,0.0,0.0,1.0,-6387.06,0.4461
973,14,bridge_corridor_medium,0.0909,0,39.0,400,0.0,0.0,1.0,-6276.17,0.4447
974,14,bridge_corridor_medium,0.1818,0,39.5,400,0.0,0.0,1.0,-5357.42,0.4434
975,14,bridge_corridor_medium,0.2727,0,105.67,400,0.0,0.0,1.0,-4989.65,0.4422
976,14,bridge_corridor_medium,0.1818,0,43.5,400,0.0,0.0,1.0,-5492.89,0.4409
977,14,bridge_corridor_medium,0.0909,0,42.0,400,0.0,0.0,1.0,-6033.53,0.4395
978,14,bridge_corridor_medium,0.1818,0,39.5,400,0.0,0.0,1.0,-5191.15,0.4383
979,14,bridge_corridor_medium,0.2727,0,88.0,400,0.0,0.0,1.0,-4701.77,0.4371
980,14,bridge_corridor_medium,0.1818,0,49.5,400,0.0,0.0,1.0,-5097.83,0.4358
981,14,bridge_corridor_medium,0.3636,0,215.0,400,0.0,0.0,1.0,-4491.25,0.4345
982,14,bridge_corridor_medium,0.6364,0,214.86,400,0.0,0.0,1.0,-3119.51,0.4335
983,14,bridge_corridor_medium,0.8182,0,214.56,400,0.0,0.0,1.0,-2349.26,0.4325
984,14,bridge_corridor_medium,0.6364,0,177.29,400,0.0,0.0,1.0,-2871.35,0.4315
985,14,bridge_corridor_medium,0.9091,0,187.9,400,0.0,0.0,1.0,-1616.37,0.4308
986,14,bridge_corridor_medium,0.9091,0,161.9,400,0.0,0.0,1.0,-1366.77,0.4301
987,14,bridge_corridor_medium,0.8182,0,157.11,400,0.0,0.0,1.0,-1760.38,0.4293
988,14,bridge_corridor_medium,0.7273,0,179.88,400,0.0,0.0,1.0,-2604.31,0.4284
989,14,bridge_corridor_medium,0.6364,0,121.86,400,0.0,0.0,1.0,-2443.29,0.4275
990,14,bridge_corridor_medium,0.8182,0,179.44,400,0.0,0.0,1.0,-1932.68,0.4267
991,14,bridge_corridor_medium,0.8182,0,192.33,400,0.0,0.0,1.0,-2163.57,0.4258
992,14,bridge_corridor_medium,0.9091,0,176.4,400,0.0,0.0,1.0,-1460.42,0.4251
993,14,bridge_corridor_medium,0.8182,0,178.78,400,0.0,0.0,1.0,-1899.9,0.4243
994,14,bridge_corridor_medium,0.8182,0,164.33,400,0.0,0.0,1.0,-1670.45,0.4235
995,14,bridge_corridor_medium,0.9091,0,200.7,400,0.0,0.0,1.0,-1624.84,0.4226
996,14,bridge_corridor_medium,0.9091,0,186.8,400,0.0,0.0,1.0,-1602.39,0.4219
997,14,bridge_corridor_medium,1.0,1,194.55,336,0.0,0.0,1.0,-1209.13,0.4211
998,14,bridge_corridor_medium,1.0,1,158.73,287,0.0,0.0,1.0,-635.51,0.4205
999,14,bridge_corridor_medium,1.0,1,148.0,313,0.0,0.0,1.0,-563.01,0.42
1000,14,bridge_corridor_medium,1.0,1,152.73,306,0.0,0.0,1.0,-614.37,0.4194
1001,14,bridge_corridor_medium,1.0,1,155.0,318,0.0,0.0,1.0,-692.38,0.4188
1002,14,bridge_corridor_medium,0.9091,0,147.7,400,0.0,0.0,1.0,-902.86,0.4181
1003,14,bridge_corridor_medium,0.9091,0,147.2,400,0.0,0.0,1.0,-1013.32,0.4175
1004,14,bridge_corridor_medium,0.9091,0,170.3,400,0.0,0.0,1.0,-1365.2,0.4168
1005,14,bridge_corridor_medium,0.9091,0,170.9,400,0.0,0.0,1.0,-1356.67,0.416
1006,14,bridge_corridor_medium,0.9091,0,157.8,400,0.0,0.0,1.0,-1118.19,0.4154
1007,14,bridge_corridor_medium,1.0,1,177.55,306,0.0,0.0,1.0,-883.72,0.4147
1008,14,bridge_corridor_medium,0.9091,0,136.0,400,0.0,0.0,1.0,-817.95,0.4141
1009,15,bridge_hazard_intro,0.75,0,147.44,420,0.0,0.0,1.0,-2943.19,0.3993
1010,15,bridge_hazard_intro,1.0,1,132.67,373,0.0,0.0,1.0,-923.1,0.3989
1011,15,bridge_hazard_intro,0.9167,0,100.18,420,0.0,0.0,1.0,-988.39,0.3985
1012,15,bridge_hazard_intro,0.9167,0,124.64,420,0.0,0.0,1.0,-1337.43,0.398
1013,15,bridge_hazard_intro,0.9167,0,134.82,420,0.0,0.0,1.0,-1542.01,0.3975
1014,15,bridge_hazard_intro,0.8333,0,155.7,420,0.0,0.0,1.0,-2342.55,0.3969
1015,15,bridge_hazard_intro,0.9167,0,131.18,420,0.0,0.0,1.0,-1452.89,0.3964
1016,15,bridge_hazard_intro,0.9167,0,136.64,420,0.0,0.0,1.0,-1524.37,0.3959
1017,15,bridge_hazard_intro,0.75,0,86.89,420,0.0,0.0,1.0,-1961.37,0.3953
1018,15,bridge_hazard_intro,0.6667,0,76.62,420,0.0,0.0,1.0,-2398.63,0.3947
1019,15,bridge_hazard_intro,0.9167,0,92.45,420,0.0,0.0,1.0,-818.2,0.3943
1020,15,bridge_hazard_intro,1.0,1,130.83,362,0.0,0.0,1.0,-907.63,0.3939
1021,15,bridge_hazard_intro,1.0,1,144.17,403,0.0,0.0,1.0,-1158.68,0.3935
1022,15,bridge_hazard_intro,1.0,1,109.5,238,0.0,0.0,1.0,-501.32,0.3931
1023,15,bridge_hazard_intro,1.0,1,74.17,214,0.0,0.0,1.0,34.55,0.3929
1024,15,bridge_hazard_intro,1.0,1,79.08,192,0.0,0.0,1.0,-94.0,0.3926
1025,15,bridge_hazard_intro,1.0,1,77.0,213,0.0,0.0,1.0,-9.54,0.3924
1026,15,bridge_hazard_intro,1.0,1,65.83,146,0.0,0.0,1.0,183.05,0.3922
1027,15,bridge_hazard_intro,1.0,1,63.42,160,0.0,0.0,1.0,204.21,0.392
1028,15,bridge_hazard_intro,1.0,1,67.75,171,0.0,0.0,1.0,119.81,0.3918
1029,15,bridge_hazard_intro,1.0,1,70.67,163,0.0,0.0,1.0,101.22,0.3915
1030,15,bridge_hazard_intro,1.0,1,65.83,157,0.0,0.0,1.0,210.38,0.3913
1031,15,bridge_hazard_intro,1.0,1,71.33,172,0.0,0.0,1.0,33.28,0.3911
1032,15,bridge_hazard_intro,1.0,1,68.83,123,0.0,0.0,1.0,142.25,0.3909
1033,15,bridge_hazard_intro,1.0,1,61.17,125,0.0,0.0,1.0,278.27,0.3907
1034,15,bridge_hazard_intro,1.0,1,61.25,153,0.0,0.0,1.0,250.37,0.3905
1035,15,bridge_hazard_intro,1.0,1,64.83,117,0.0,0.0,1.0,179.42,0.3903
1036,15,bridge_hazard_intro,1.0,1,53.92,128,0.0,0.0,1.0,305.51,0.3901
1037,15,bridge_hazard_intro,1.0,1,63.33,142,0.0,0.0,1.0,195.23,0.3899
1038,15,bridge_hazard_intro,1.0,1,72.67,139,0.0,0.0,1.0,111.58,0.3897
1039,16,bridge_multi_exit,0.9167,0,105.91,420,0.0,0.0,1.0,-1327.26,0.3995
1040,16,bridge_multi_exit,1.0,1,82.5,151,0.0,0.0,1.0,-141.05,0.3992
1041,16,bridge_multi_exit,1.0,1,81.42,139,0.0,0.0,1.0,-108.95,0.399
1042,16,bridge_multi_exit,1.0,1,89.08,359,0.0,0.0,1.0,-330.19,0.3987
1043,16,bridge_multi_exit,1.0,1,76.42,192,0.0,0.0,1.0,-92.62,0.3984
1044,16,bridge_multi_exit,1.0,1,63.08,147,0.0,0.0,1.0003,145.37,0.3982
1045,16,bridge_multi_exit,1.0,1,82.75,195,0.0,0.0,1.0001,-172.45,0.3979
1046,16,bridge_multi_exit,1.0,1,77.0,147,0.0,0.0,1.0,-55.85,0.3976
1047,16,bridge_multi_exit,1.0,1,75.25,154,0.0,0.0,1.0,-23.93,0.3973
1048,16,bridge_multi_exit,1.0,1,86.83,164,0.0,0.0,1.0,-232.69,0.397
1049,16,bridge_multi_exit,1.0,1,71.58,136,0.0017,0.0,1.0009,0.26,0.3968
1050,16,bridge_multi_exit,1.0,1,84.67,194,0.0,0.0,1.0,-214.72,0.3965
1051,16,bridge_multi_exit,1.0,1,71.25,126,0.0,0.0,1.0,62.61,0.3962
1052,16,bridge_multi_exit,1.0,1,78.25,173,0.0,0.0,1.0,-200.59,0.396
1053,16,bridge_multi_exit,1.0,1,64.92,133,0.0,0.0,1.0,166.91,0.3957
1054,16,bridge_multi_exit,1.0,1,71.08,167,0.01,0.0011,1.0027,0.35,0.3955
1055,16,bridge_multi_exit,1.0,1,74.25,192,0.0,0.0,1.0,-13.06,0.3952
1056,16,bridge_multi_exit,1.0,1,80.75,168,0.0,0.0,1.0,-141.15,0.3949
1057,16,bridge_multi_exit,1.0,1,73.58,145,0.0,0.0,1.0,24.33,0.3947
1058,16,bridge_multi_exit,1.0,1,77.25,162,0.0,0.0,1.0001,-53.34,0.3944
1059,16,bridge_multi_exit,1.0,1,65.33,119,0.0,0.0,1.0,114.31,0.3942
1060,16,bridge_multi_exit,1.0,1,74.83,124,0.0,0.0,1.0,-17.85,0.3939
1061,16,bridge_multi_exit,1.0,1,64.33,156,0.0,0.0,1.0001,168.35,0.3937
1062,16,bridge_multi_exit,1.0,1,72.25,160,0.0,0.0,1.0,9.66,0.3935
1063,16,bridge_multi_exit,1.0,1,69.08,133,0.0,0.0,1.0,101.27,0.3932
1064,16,bridge_multi_exit,1.0,1,74.08,171,0.0,0.0,1.0,10.36,0.3929
1065,16,bridge_multi_exit,1.0,1,65.58,132,0.0,0.0,1.0,141.36,0.3927
1066,16,bridge_multi_exit,1.0,1,67.67,125,0.0,0.0,1.0,113.89,0.3925
1067,16,bridge_multi_exit,1.0,1,62.5,120,0.0,0.0,1.0,215.3,0.3923
1068,16,bridge_multi_exit,1.0,1,59.67,126,0.0,0.0,1.0,259.44,0.3921
1069,17,hazard_bypass_medium,0.9167,0,63.27,450,0.5,0.25,1.1497,-1035.53,0.3498
1070,17,hazard_bypass_medium,1.0,1,108.58,438,0.5,0.25,1.1422,-952.43,0.3496
1071,17,hazard_bypass_medium,0.9167,0,94.55,450,0.3933,0.2218,1.1142,-1317.98,0.3493
1072,17,hazard_bypass_medium,0.9167,0,66.64,450,0.565,0.2315,1.1706,-806.04,0.3491
1073,17,hazard_bypass_medium,1.0,1,59.92,112,0.4167,0.2431,1.122,26.1,0.349
1074,17,hazard_bypass_medium,1.0,1,98.75,231,0.5833,0.2431,1.1698,-526.4,0.3488
1075,17,hazard_bypass_medium,1.0,1,68.33,138,0.4767,0.2117,1.1357,-67.54,0.3487
1076,17,hazard_bypass_medium,1.0,1,67.17,147,0.4267,0.2358,1.1242,-244.68,0.3485
1077,17,hazard_bypass_medium,1.0,1,74.33,170,0.5661,0.2304,1.1633,-342.77,0.3484
1078,17,hazard_bypass_medium,1.0,1,63.33,158,0.4167,0.2431,1.1239,-46.93,0.3482
1079,17,hazard_bypass_medium,1.0,1,69.0,137,0.6283,0.2128,1.1815,-405.99,0.3481
1080,17,hazard_bypass_medium,1.0,1,62.33,139,0.535,0.2285,1.1515,-110.56,0.348
1081,17,hazard_bypass_medium,1.0,1,88.0,205,0.5,0.25,1.1489,-552.84,0.3478
1082,17,hazard_bypass_medium,0.9167,0,60.55,450,0.4167,0.2431,1.1195,-637.39,0.3476
1083,17,hazard_bypass_medium,1.0,1,66.0,143,0.5833,0.2431,1.1695,-173.93,0.3474
1084,17,hazard_bypass_medium,0.9167,0,67.27,450,0.4567,0.2273,1.1308,-870.81,0.3472
1085,17,hazard_bypass_medium,0.9167,0,78.64,450,0.5,0.25,1.1492,-1128.43,0.347
1086,17,hazard_bypass_medium,1.0,1,70.42,120,0.4867,0.2386,1.1389,-220.33,0.3469
1087,17,hazard_bypass_medium,1.0,1,98.92,400,0.6567,0.2167,1.1998,-948.25,0.3467
1088,17,hazard_bypass_medium,0.9167,0,60.09,450,0.5117,0.2272,1.1421,-758.46,0.3465
1089,17,hazard_bypass_medium,1.0,1,113.5,395,0.5817,0.2417,1.1723,-1193.83,0.3462
1090,17,hazard_bypass_medium,1.0,1,86.25,333,0.51,0.2411,1.1478,-627.46,0.3461
1091,17,hazard_bypass_medium,1.0,1,78.08,179,0.5,0.25,1.1486,-210.98,0.3459
1092,17,hazard_bypass_medium,0.9167,0,52.18,450,0.3333,0.2222,1.0988,-425.51,0.3457
1093,17,hazard_bypass_medium,0.9167,0,68.27,450,0.6767,0.181,1.1961,-745.11,0.3455
1094,17,hazard_bypass_medium,0.9167,0,80.55,450,0.4867,0.2376,1.143,-969.66,0.3453
1095,17,hazard_bypass_medium,1.0,1,89.5,354,0.51,0.2329,1.1458,-415.28,0.3451
1096,17,hazard_bypass_medium,1.0,1,72.17,142,0.5783,0.2392,1.1732,-124.23,0.345
1097,17,hazard_bypass_medium,1.0,1,77.67,225,0.52,0.2344,1.1459,-88.24,0.3448
1098,17,hazard_bypass_medium,0.9167,0,55.82,450,0.4667,0.2193,1.1305,-542.31,0.3446
1099,18,mall_medium,1.0,1,102.33,337,0.0,0.0,1.0,-386.14,0.3497
1100,18,mall_medium,0.9167,0,109.36,450,0.0,0.0,1.0,-1351.87,0.3494
1101,18,mall_medium,0.9167,0,69.91,450,0.0,0.0,1.0,-546.57,0.3492
1102,18,mall_medium,1.0,1,103.75,450,0.0,0.0,1.0,-478.93,0.3489
1103,18,mall_medium,0.9167,0,68.55,450,0.0,0.0,1.0,-615.05,0.3487
1104,18,mall_medium,1.0,1,113.58,448,0.0,0.0,1.0,-591.96,0.3484
1105,18,mall_medium,1.0,1,92.75,256,0.0,0.0,1.0,-200.62,0.3482
1106,18,mall_medium,1.0,1,93.83,280,0.0,0.0,1.0,-213.67,0.3479
1107,18,mall_medium,1.0,1,97.17,251,0.0,0.0,1.0,-290.38,0.3477
1108,18,mall_medium,0.9167,0,80.0,450,0.0,0.0,1.0,-782.39,0.3474
1109,18,mall_medium,1.0,1,81.0,294,0.0,0.0,1.0,-87.73,0.3472
1110,18,mall_medium,1.0,1,85.83,203,0.0,0.0,1.0,-132.3,0.347
1111,18,mall_medium,1.0,1,127.33,392,0.0,0.0,1.0,-987.69,0.3467
1112,18,mall_medium,1.0,1,82.17,253,0.0,0.0,1.0,-110.52,0.3465
1113,18,mall_medium,0.9167,0,67.73,450,0.0,0.0,1.0,-649.25,0.3463
1114,18,mall_medium,1.0,1,91.33,283,0.0,0.0,1.0,-222.13,0.346
1115,18,mall_medium,0.9167,0,73.18,450,0.0,0.0,1.0,-702.78,0.3458
1116,18,mall_medium,1.0,1,100.58,301,0.0,0.0,1.0,-474.74,0.3455
1117,18,mall_medium,0.9167,0,84.0,450,0.0,0.0,1.0,-810.05,0.3452
1118,18,mall_medium,1.0,1,85.5,259,0.0,0.0,1.0,-78.15,0.345
1119,18,mall_medium,1.0,1,98.33,400,0.0,0.0,1.0,-319.14,0.3448
1120,18,mall_medium,1.0,1,111.92,389,0.0,0.0,1.0,-496.62,0.3445
1121,18,mall_medium,1.0,1,97.33,307,0.0,0.0,1.0,-303.81,0.3443
1122,18,mall_medium,1.0,1,64.83,157,0.0,0.0,1.0,209.71,0.3441
1123,18,mall_medium,0.8333,0,76.1,450,0.0,0.0,1.0,-1175.03,0.3438
1124,18,mall_medium,1.0,1,86.33,208,0.0,0.0,1.0,-137.43,0.3436
1125,18,mall_medium,1.0,1,89.0,318,0.0,0.0,1.0,-166.48,0.3434
1126,18,mall_medium,0.9167,0,92.73,450,0.0,0.0,1.0,-910.16,0.3431
1127,18,mall_medium,1.0,1,66.42,172,0.0,0.0,1.0,149.08,0.3429
1128,18,mall_medium,1.0,1,66.58,205,0.0,0.0,1.0,203.0,0.3427
1129,19,hazard_dense_office,0.6667,0,113.38,450,0.4167,0.2431,1.125,-3389.32,0.2996
1130,19,hazard_dense_office,0.25,0,163.67,450,0.8173,0.1364,1.2459,-7161.48,0.299
1131,19,hazard_dense_office,0.3333,0,183.75,450,0.5833,0.2431,1.1749,-6194.45,0.2983
1132,19,hazard_dense_office,0.6667,0,137.12,450,0.6667,0.2222,1.1999,-3781.09,0.2979
1133,19,hazard_dense_office,0.6667,0,191.38,450,0.5,0.25,1.15,-4676.25,0.2974
1134,19,hazard_dense_office,0.6667,0,111.88,450,0.3333,0.2222,1.1,-3659.53,0.2971
1135,19,hazard_dense_office,0.5,0,211.33,450,0.4167,0.2431,1.1249,-5304.68,0.2965
1136,19,hazard_dense_office,0.75,0,194.33,450,0.5417,0.2274,1.1619,-3884.35,0.296
1137,19,hazard_dense_office,0.5833,0,305.14,450,0.6667,0.2222,1.2,-5974.26,0.2954
1138,19,hazard_dense_office,0.5833,0,198.43,450,0.7367,0.1828,1.219,-4860.01,0.2949
1139,19,hazard_dense_office,0.5,0,206.67,450,0.5467,0.2273,1.1676,-5205.68,0.2943
1140,19,hazard_dense_office,0.5,0,312.5,450,0.5833,0.2431,1.175,-6317.24,0.2937
1141,19,hazard_dense_office,0.8333,0,210.3,450,0.7383,0.1832,1.2249,-3573.1,0.2932
1142,19,hazard_dense_office,0.9167,0,239.91,450,0.8933,0.0785,1.2748,-3648.09,0.2928
1143,19,hazard_dense_office,0.9167,0,162.64,450,0.6583,0.2174,1.1999,-2336.85,0.2925
1144,19,hazard_dense_office,0.8333,0,149.7,450,0.6265,0.2026,1.1749,-2449.07,0.2921
1145,19,hazard_dense_office,0.8333,0,147.0,450,0.705,0.1873,1.2141,-2493.54,0.2918
1146,19,hazard_dense_office,0.8333,0,184.5,450,0.7367,0.1828,1.2247,-3177.61,0.2914
1147,19,hazard_dense_office,0.9167,0,163.55,450,0.8333,0.1389,1.249,-2404.61,0.2911
1148,19,hazard_dense_office,0.9167,0,177.91,450,0.8333,0.1389,1.2493,-2567.11,0.2907
1149,19,hazard_dense_office,1.0,1,141.83,335,0.5,0.25,1.1498,-1537.1,0.2905
1150,19,hazard_dense_office,0.9167,0,244.64,450,0.78,0.1524,1.2269,-3443.86,0.29
1151,19,hazard_dense_office,0.8333,0,148.2,450,0.75,0.1875,1.224,-2551.82,0.2897
1152,19,hazard_dense_office,1.0,1,167.58,440,0.6667,0.2222,1.1997,-1779.43,0.2894
1153,19,hazard_dense_office,1.0,1,111.42,256,0.6667,0.2222,1.1975,-725.17,0.2892
1154,19,hazard_dense_office,0.9167,0,118.73,450,0.4783,0.2335,1.1492,-1463.69,0.289
1155,19,hazard_dense_office,0.9167,0,160.09,450,0.5833,0.2431,1.1738,-2191.74,0.2887
1156,19,hazard_dense_office,0.9167,0,119.0,450,0.4567,0.2273,1.13,-1493.48,0.2884
1157,19,hazard_dense_office,0.9167,0,89.36,450,0.5833,0.2431,1.174,-1052.46,0.2882
1158,19,hazard_dense_office,0.9167,0,146.36,450,0.6667,0.2222,1.199,-1877.0,0.2879
1159,19,hazard_dense_office,0.9167,0,158.45,450,0.75,0.1875,1.223,-2288.86,0.2876
1160,19,hazard_dense_office,0.9167,0,80.82,450,0.5,0.25,1.1476,-964.23,0.2874
1161,19,hazard_dense_office,0.8333,0,97.2,450,0.6667,0.2222,1.1939,-1796.84,0.2871
1162,20,library_hard,0.5,0,56.83,450,0.0,0.0,1.0,-4468.48,0.2995
1163,20,library_hard,0.6667,0,169.0,450,0.0,0.0,1.0,-3894.22,0.2989
1164,20,library_hard,0.5,0,94.33,450,0.0,0.0,1.0,-4524.59,0.2984
1165,20,library_hard,0.5,0,125.33,450,0.0,0.0,1.0,-4979.38,0.2978
1166,20,library_hard,0.5,0,109.33,450,0.0,0.0,1.0,-4243.48,0.2972
1167,20,library_hard,0.5833,0,130.57,450,0.0,0.0,1.0,-3698.63,0.2967
1168,20,library_hard,1.0,1,156.67,290,0.0,0.0,1.0,-1268.22,0.2964
1169,20,library_hard,0.75,0,145.0,450,0.0,0.0,1.0,-2797.42,0.2959
1170,20,library_hard,0.6667,0,91.5,450,0.0,0.0,1.0,-2727.81,0.2955
1171,20,library_hard,0.9167,0,146.0,450,0.0,0.0,1.0,-1635.17,0.2951
1172,20,library_hard,0.8333,0,124.2,450,0.0,0.0,1.0,-2089.91,0.2948
1173,20,library_hard,0.6667,0,84.62,450,0.0833,0.0764,1.025,-3054.67,0.2944
1174,20,library_hard,0.8333,0,151.2,450,0.0,0.0,1.0,-2161.2,0.2939
1175,20,library_hard,0.6667,0,98.0,450,0.0833,0.0764,1.025,-3509.46,0.2935
1176,20,library_hard,0.6667,0,107.38,450,0.0,0.0,1.0,-3059.27,0.2931
1177,20,library_hard,0.9167,0,116.55,450,0.0,0.0,1.0,-1030.53,0.2928
1178,20,library_hard,0.75,0,79.67,450,0.06,0.0396,1.025,-2024.69,0.2924
1179,20,library_hard,0.8333,0,92.8,450,0.0,0.0,1.0,-1466.05,0.2921
1180,20,library_hard,0.8333,0,117.9,450,0.0,0.0,1.0,-1887.7,0.2917
1181,20,library_hard,0.8333,0,92.0,450,0.0,0.0,1.0,-1297.63,0.2914
1182,20,library_hard,0.8333,0,101.1,450,0.0,0.0,1.0,-1500.15,0.2911
1183,20,library_hard,0.8333,0,106.8,450,0.0107,0.0013,1.0027,-1707.62,0.2908
1184,20,library_hard,0.9167,0,101.27,450,0.0,0.0,1.0,-888.76,0.2905
1185,20,library_hard,0.8333,0,107.8,450,0.0,0.0,1.0,-1550.21,0.2902
1186,20,library_hard,0.8333,0,100.3,450,0.0,0.0,1.0,-1501.92,0.2898
1187,20,library_hard,0.9167,0,100.27,450,0.0,0.0,1.0,-756.32,0.2896
1188,20,library_hard,0.9167,0,82.55,450,0.0,0.0,1.0,-874.33,0.2893
1189,20,library_hard,0.75,0,118.0,450,0.0,0.0,1.0,-2298.64,0.2889
1190,20,library_hard,0.8333,0,89.4,450,0.0,0.0,1.0,-1233.44,0.2886
1191,20,library_hard,0.8333,0,107.0,450,0.0,0.0,1.0,-1470.65,0.2883
1192,20,library_hard,0.9167,0,120.36,450,0.0,0.0,1.0,-1074.65,0.288
1193,20,library_hard,0.8333,0,96.4,450,0.0,0.0,1.0,-1350.45,0.2877
1194,20,library_hard,0.75,0,96.67,450,0.0,0.0,1.0,-1922.85,0.2873
1195,20,library_hard,0.9167,0,120.64,450,0.0,0.0,1.0,-1023.17,0.287
